"Year","Country","Registered","Senior","U20","Female","MaleRefs","FemaleRefs","IndoorRinks","OutdoorRinks","Population","WM","WMI","WMII","WMIII","WM20","WM20I","WM20II","WM20III","WM18","WM18I","WM18II","WM18III","OGM","WW","WWI","WWII","WWIII","WWIV","WWV","WW18","WW18I","WW18II","OGW"
2011,"Andorra",56,23,24,9,0,0,1,0,84825,0,0,0,0,0,0,0,0,0,0,0,0,0,0,0,0,0,0,0,0,0,0,0
2011,"Argentina",966,690,130,146,25,4,0,1,41769726,0,0,0,0,0,0,0,0,0,0,0,0,0,0,0,0,0,0,0,0,0,0,0
2011,"Armenia",578,381,197,0,27,0,2,3,2967975,0,0,0,0,0,0,0,0,0,0,0,0,0,0,0,0,0,0,0,0,0,0,0
2011,"Australia",3188,1752,1121,315,253,30,21,0,21766711,1,1,1,1,0,0,0,0,0,0,0,0,0,0,0,0,0,0,0,0,0,0,0
2011,"Austria",10489,5179,4724,586,413,22,45,72,8217280,0,0,0,0,1,1,1,1,1,0,0,0,0,0,0,0,0,0,0,0,0,0,0
2011,"Belarus",4374,910,3430,34,128,0,28,3,9577552,0,0,0,0,1,1,0,0,0,1,0,0,0,0,0,0,0,0,0,0,0,0,0
2011,"Belgium",1157,359,798,0,234,0,15,1,10431477,1,1,0,1,0,0,1,0,0,0,0,0,0,0,0,0,0,0,0,0,0,0,0
2011,"Bosnia & Herzegovina",208,42,162,4,5,0,2,0,4622163,0,0,0,0,0,0,0,0,0,0,0,0,0,0,0,0,0,0,0,0,0,0,0
2011,"Bulgaria",230,100,203,27,30,3,3,5,7093635,1,0,1,0,0,0,0,0,0,0,1,1,0,0,0,0,0,0,0,0,0,0,0
2011,"Canada",572411,18488,468096,85827,31572,1834,2486,5000,34030589,0,0,0,0,1,0,0,0,0,0,0,0,1,1,1,1,0,0,0,0,0,0,0
2011,"China",613,119,311,183,63,32,41,12,1336718015,1,1,0,0,0,0,1,1,0,0,0,0,0,0,0,0,0,0,0,0,0,0,0
2011,"Chinese Taipei",848,142,630,76,71,7,2,10,23071779,0,0,1,0,0,0,0,0,0,0,1,0,0,0,0,0,0,0,0,0,0,0,0
2011,"Croatia",437,92,303,42,10,1,2,4,4483804,1,0,0,1,0,1,1,0,0,0,0,0,0,0,0,0,0,0,0,0,0,0,0
2011,"Czech Republic",100668,75671,22828,2169,3938,49,58,23,10190213,0,0,0,0,1,0,0,0,0,0,0,0,1,1,0,1,1,0,0,0,0,0,0
2011,"Denmark",4405,1764,2245,396,88,5,23,0,5529888,0,0,0,0,1,1,0,0,0,1,0,0,0,0,0,0,1,0,0,0,0,0,0
2011,"DPR Korea",1575,640,420,515,20,0,3,12,24457492,1,0,0,0,0,0,0,0,0,0,1,0,0,0,0,0,1,0,0,0,0,0,0
2011,"Estonia",1510,442,946,92,142,12,6,15,1282963,0,1,0,0,0,0,1,0,0,0,0,0,0,0,0,0,0,1,0,0,0,0,0
2011,"Finland",65251,25324,35167,4760,1743,52,246,30,5259250,0,0,0,0,1,0,0,0,0,0,0,0,1,1,1,1,0,0,0,0,0,0,0
2011,"France",17381,6400,9767,1214,123,6,124,5,65312249,0,1,0,0,1,0,0,0,1,1,0,0,0,0,0,0,1,0,0,0,0,0,0
2011,"Georgia",207,39,168,0,4,0,2,1,4585874,0,0,0,0,0,0,0,0,0,0,0,0,0,0,0,0,0,0,0,0,0,0,0
2011,"Germany",28932,8224,18128,2580,1103,81,175,44,81471834,0,0,0,0,1,0,0,1,0,0,0,0,1,1,0,1,0,0,0,0,0,0,0
2011,"Great Britain",4901,1272,3153,476,266,5,46,0,62698362,0,0,0,0,0,1,0,0,0,1,0,0,0,0,0,0,1,1,0,0,0,0,0
2011,"Greece",713,463,151,99,4,2,2,2,10760136,0,0,0,0,0,0,0,0,0,0,0,0,0,0,0,0,0,0,1,0,0,0,0
2011,"Hong Kong",496,62,371,63,9,0,5,0,7122508,0,0,0,0,0,0,0,0,0,0,0,0,0,0,0,0,0,0,0,0,0,0,0
2011,"Hungary",2087,184,1719,184,69,8,20,18,9976062,0,1,0,1,0,0,0,0,0,1,0,0,0,0,0,0,0,1,0,0,0,0,0
2011,"Iceland",606,58,464,84,22,3,3,0,311058,1,1,1,0,0,0,0,0,0,0,0,0,0,0,0,0,0,0,0,1,0,0,0
2011,"India",724,400,285,39,10,0,4,8,1189172906,0,0,0,0,0,0,0,0,0,0,0,0,0,0,0,0,0,0,0,0,0,0,0
2011,"Ireland",297,189,70,38,14,4,0,0,4670976,1,0,1,0,0,0,0,0,0,0,0,1,0,0,0,0,0,0,0,0,0,0,0
2011,"Israel",500,120,380,28,6,0,2,0,7473052,0,0,1,0,0,0,0,0,0,0,0,0,0,0,0,0,0,0,1,0,0,0,0
2011,"Italy",6829,1838,4506,485,139,5,45,24,61016804,0,0,0,0,0,1,0,0,0,1,0,0,0,0,0,0,1,1,0,0,0,0,0
2011,"Japan",20226,10315,7174,2737,584,44,99,25,126475664,0,0,0,0,0,1,0,1,0,1,0,0,0,0,0,1,0,1,0,0,0,0,0
2011,"Kazakhstan",3929,433,3369,127,34,4,14,2,15522373,0,0,0,0,0,1,0,0,1,1,0,0,0,0,1,0,0,1,0,0,0,0,0
2011,"Korea",1880,146,1618,116,35,4,37,4,48754657,0,1,0,0,0,0,0,0,0,1,0,0,0,0,0,0,0,1,0,1,0,0,0
2011,"Kuwait",229,61,83,85,1,1,2,0,2595628,0,0,0,0,0,0,0,0,0,0,0,0,0,0,0,0,0,0,0,0,0,0,0
2011,"Kyrgyzstan",320,218,102,0,6,0,2,4,5587443,0,0,0,0,0,0,0,0,0,0,0,0,0,0,0,0,0,0,0,0,0,0,0
2011,"Latvia",4424,2930,1417,77,149,28,17,0,2204708,0,0,0,0,1,1,0,1,0,1,0,0,0,0,0,0,0,0,0,0,0,0,0
2011,"Liechtenstein",79,69,10,0,0,0,0,0,35236,0,0,0,0,0,0,0,0,0,0,0,0,0,0,0,0,0,0,0,0,0,0,0
2011,"Lithuania",547,137,410,0,19,1,5,1,3535547,0,0,0,0,0,1,1,0,0,0,0,0,0,0,0,0,0,1,0,0,0,0,0
2011,"Luxembourg",392,130,235,27,26,8,3,1,503302,0,0,0,0,0,0,0,0,0,0,0,0,0,0,0,0,0,0,1,0,0,0,0
2011,"Macau",106,28,63,15,0,0,2,0,573003,0,0,0,0,0,0,0,0,0,0,0,0,0,0,0,0,0,0,0,0,0,0,0
2011,"Malaysia",154,73,64,45,1,0,1,0,28728607,0,0,0,0,0,0,0,0,0,0,0,0,0,0,0,0,0,0,0,0,0,0,0
2011,"Mexico",1254,210,972,72,26,2,13,0,113724226,1,0,1,0,0,0,0,0,0,0,1,0,0,0,0,0,0,0,0,0,0,0,0
2011,"Mongolia",1001,477,524,0,8,0,0,12,3133318,0,0,1,0,0,0,0,0,0,0,0,0,0,0,0,0,0,0,1,0,0,0,0
2011,"Morocco",117,63,43,11,3,0,1,0,31968361,0,0,0,0,0,0,0,0,0,0,0,0,0,0,0,0,0,0,0,0,0,0,0
2011,"Namibia",438,104,215,119,47,10,3,2,2147585,0,0,0,0,0,0,0,0,0,0,0,0,0,0,0,0,0,0,0,0,0,0,0
2011,"Netherlands",2485,1162,1141,182,58,8,26,4,16847007,0,1,0,1,0,0,1,0,0,0,0,0,0,0,0,0,0,1,0,0,0,0,0
2011,"New Zealand",1205,593,437,163,110,6,6,3,4290347,1,0,0,0,0,0,1,0,0,0,1,0,0,0,0,0,0,0,0,1,0,0,0
2011,"Norway",6177,1968,3709,500,143,14,41,3,4691849,0,0,0,0,1,0,0,1,1,0,0,0,1,1,0,0,0,0,0,0,0,0,0
2011,"Poland",2292,465,1451,376,75,1,82,7,38441588,0,1,0,0,0,0,0,0,0,1,0,1,0,0,0,0,0,1,0,0,0,0,0
2011,"Portugal",116,48,50,18,5,2,1,0,10760305,0,0,0,0,0,0,0,0,0,0,0,0,0,0,0,0,0,0,0,0,0,0,0
2011,"Romania",994,171,756,67,50,5,8,15,21904551,1,1,0,0,0,0,1,0,0,0,0,0,0,0,0,0,0,0,0,1,0,0,0
2011,"Russia",63580,2050,61000,530,230,5,340,2000,138739892,0,0,0,0,1,0,0,0,1,0,0,0,1,1,1,0,0,0,0,0,0,0,0
2011,"Serbia",564,147,414,3,21,2,4,1,7310555,1,0,0,0,0,0,1,0,0,0,1,0,0,0,0,0,0,0,0,0,0,0,0
2011,"Singapore",231,80,151,0,15,1,1,0,4740737,0,0,0,0,0,0,0,0,0,0,0,0,0,0,0,0,0,0,0,0,0,0,0
2011,"Slovakia",8280,2072,5896,312,327,16,47,21,5477038,0,0,0,0,1,0,0,0,1,0,0,0,1,1,1,0,0,0,0,0,0,0,0
2011,"Slovenia",943,155,700,88,46,4,8,3,2000092,0,0,0,1,1,1,0,0,0,1,0,0,0,0,0,0,0,0,0,0,0,0,0
2011,"South Africa",385,133,200,52,8,2,4,0,49004031,0,0,1,0,0,0,0,0,0,0,0,0,0,0,0,0,0,0,1,1,0,0,0
2011,"Spain",760,200,468,92,35,0,18,0,46754784,0,1,0,0,0,0,1,0,0,0,0,1,0,0,0,0,0,1,0,0,0,0,0
2011,"Sweden",62003,17875,41053,3075,2420,41,342,136,9088728,0,0,0,0,1,0,0,0,0,0,0,0,1,1,1,1,0,0,0,0,0,0,0
2011,"Switzerland",26166,11219,13775,1172,1079,43,158,29,7639961,0,0,0,0,1,0,0,0,0,0,0,0,1,1,1,1,0,0,0,0,0,0,0
2011,"Thailand",114,56,47,9,15,3,3,0,66720153,0,0,0,0,0,0,0,0,0,0,0,0,0,0,0,0,0,0,0,0,0,0,0
2011,"Turkey",790,310,320,160,75,10,2,0,78785548,0,0,1,0,0,0,0,0,0,0,1,1,0,0,0,0,0,0,1,0,0,0,0
2011,"Ukraine",4500,901,3587,12,74,0,25,0,45134707,0,0,0,0,0,1,1,0,0,0,0,0,0,0,0,0,0,1,0,0,0,0,0
2011,"United Arab Emirates",532,250,242,40,8,0,5,0,5148664,0,0,0,0,0,0,0,0,0,0,0,0,0,0,0,0,0,0,0,0,0,0,0
2011,"United States",500579,132866,302104,65609,25051,1274,1800,0,313232044,0,0,0,0,1,0,0,0,0,0,0,0,1,1,1,1,0,0,0,0,0,0,0
2012,"Andorra",56,23,24,9,0,0,1,0,85082,0,0,0,0,0,0,0,0,0,0,0,0,0,0,0,0,0,0,0,0,0,0,0
2012,"Argentina",966,690,130,146,25,4,0,1,42192494,0,0,0,0,0,0,0,0,0,0,0,0,0,0,0,0,0,0,0,0,0,0,0
2012,"Armenia",578,381,197,0,27,0,2,3,2970495,0,0,0,0,0,0,0,0,0,0,0,0,0,0,0,0,0,0,0,0,0,0,0
2012,"Australia",3721,2217,997,507,268,17,17,0,22015576,0,1,0,0,0,0,1,0,0,0,0,0,0,0,0,0,1,1,0,0,0,0,0
2012,"Austria",11202,5897,4690,615,413,22,45,72,8219743,0,0,0,0,0,1,0,1,1,1,0,0,0,0,0,0,0,1,0,0,0,0,0
2012,"Belarus",3937,1154,2747,36,128,0,28,3,9542883,0,0,0,0,1,1,0,0,0,1,0,0,0,0,0,0,0,0,0,0,0,0,0
2012,"Belgium",1490,670,736,84,31,4,17,0,10438353,1,1,1,0,0,0,0,0,0,0,0,0,0,0,0,0,1,0,0,0,0,0,0
2012,"Bosnia & Herzegovina",208,42,162,4,5,0,0,0,4622292,0,0,0,0,0,0,0,0,0,0,0,0,0,0,0,0,0,0,0,0,0,0,0
2012,"Bulgaria",330,100,203,27,30,3,3,5,7037935,1,0,1,0,0,0,0,0,0,0,1,0,0,0,0,0,0,0,0,0,0,0,0
2012,"Canada",617107,74626,455806,86675,31572,1834,2486,5000,34300083,0,0,0,0,1,0,0,0,0,0,0,0,1,1,1,1,0,0,0,0,0,0,0
2012,"China",610,118,308,184,63,32,46,43,1343239923,1,0,0,0,0,0,1,1,1,0,1,0,0,0,0,0,0,0,0,0,0,0,0
2012,"Chinese Taipei",848,142,630,76,84,8,4,0,23113901,0,0,1,0,0,0,0,0,0,0,0,0,0,0,0,0,0,0,0,0,0,0,0
2012,"Croatia",536,114,379,43,12,1,2,4,4480043,1,0,0,0,0,1,1,0,0,0,0,0,0,0,0,0,1,0,0,0,0,0,0
2012,"Czech Republic",95094,58654,34113,2327,1532,71,148,21,10177300,0,0,0,0,1,0,0,1,0,0,0,0,1,1,0,1,0,0,0,0,0,0,0
2012,"Denmark",4405,1764,2245,396,100,3,25,0,5543453,0,0,0,0,1,0,0,1,0,0,0,0,1,1,0,0,0,0,0,0,0,0,0
2012,"DPR Korea",1575,640,420,515,20,0,3,12,24589122,0,0,0,0,0,0,0,0,0,0,1,0,0,0,0,0,1,0,1,0,0,0,0
2012,"Estonia",1510,442,976,92,142,12,6,15,1274709,1,1,0,0,0,0,1,0,0,0,0,0,0,0,0,0,0,0,0,0,0,0,0
2012,"Finland",56626,16752,35929,3945,1709,51,246,30,5262930,0,0,0,0,1,0,0,0,0,0,0,0,1,1,1,1,0,0,0,0,0,0,0
2012,"FYR Macedonia",82,45,37,0,0,0,1,4,2082370,0,0,0,0,0,0,0,0,0,0,0,0,0,0,0,0,0,0,0,0,0,0,0
2012,"France",17381,6400,9767,1214,123,6,124,5,65630692,0,0,0,0,1,1,0,1,1,1,0,0,0,0,0,0,0,0,0,0,0,0,0
2012,"Georgia",266,77,189,0,4,0,4,1,4570934,0,0,0,0,0,0,0,0,0,0,0,0,0,0,0,0,0,0,0,0,0,0,0
2012,"Germany",27068,8042,16561,2465,184,13,198,45,81305856,0,0,0,0,1,1,0,0,0,0,0,0,0,1,1,1,0,0,0,0,0,0,0
2012,"Great Britain",5119,1484,2897,738,285,27,46,0,63047162,0,0,0,0,0,1,1,1,1,0,0,0,0,0,0,0,0,1,0,0,0,0,0
2012,"Greece",713,463,153,97,4,2,0,0,10767827,0,0,0,0,0,0,0,0,0,0,0,0,0,0,0,0,0,0,1,0,0,0,0
2012,"Hong Kong",496,62,371,63,9,0,4,0,7153519,0,0,0,0,0,0,0,0,0,0,0,0,0,0,0,0,0,0,0,0,0,0,0
2012,"Hungary",3320,218,2713,389,75,6,18,18,9958453,0,1,0,0,0,0,0,0,1,1,0,0,0,0,0,0,1,1,0,0,0,0,0
2012,"Iceland",587,58,441,88,22,3,3,0,313183,1,0,0,0,0,0,1,0,0,0,1,0,0,0,0,0,1,0,0,0,0,0,0
2012,"India",724,400,285,39,10,0,1,8,1205073612,0,0,0,0,0,0,0,0,0,0,0,0,0,0,0,0,0,0,0,0,0,0,0
2012,"Ireland",297,189,70,38,14,4,1,0,4722028,0,0,0,0,0,0,0,0,0,0,0,0,0,0,0,0,0,0,1,0,0,0,0
2012,"Israel",653,270,374,9,5,0,2,0,7590758,1,0,0,0,0,0,0,0,0,0,0,0,0,0,0,0,0,0,0,0,0,0,0
2012,"Italy",6774,1720,4571,483,139,5,45,24,61261254,0,0,0,0,1,1,0,1,1,1,0,0,0,0,0,0,0,0,0,0,0,0,0
2012,"Japan",19975,9999,7256,2720,928,94,99,25,127368088,0,0,0,0,0,1,0,1,1,1,0,0,0,0,0,0,0,1,0,0,0,0,0
2012,"Kazakhstan",4067,483,3491,93,41,7,17,56,17522010,0,0,0,0,1,1,0,1,1,1,0,0,0,0,0,0,0,0,0,0,0,0,0
2012,"Korea",1636,93,1365,178,55,9,43,4,48860500,0,1,0,0,0,0,1,0,0,0,0,0,0,0,0,0,1,1,0,0,0,0,0
2012,"Kuwait",320,84,122,114,1,1,2,0,2646314,0,0,0,0,0,0,0,0,0,0,0,0,0,0,0,0,0,0,0,0,0,0,0
2012,"Kyrgyzstan",330,228,102,0,6,0,2,4,5496737,0,0,0,0,0,0,0,0,0,0,0,0,0,0,0,0,0,0,0,0,0,0,0
2012,"Latvia",3979,2348,1515,116,185,28,16,0,2191580,0,0,0,0,1,0,0,1,0,0,0,0,1,1,0,0,0,0,0,0,0,0,0
2012,"Liechtenstein",80,70,10,0,0,0,0,0,36713,0,0,0,0,0,0,0,0,0,0,0,0,0,0,0,0,0,0,0,0,0,0,0
2012,"Lithuania",547,137,410,0,19,1,6,0,3525761,0,1,0,0,0,0,1,0,0,0,0,0,0,0,0,0,0,1,0,0,0,0,0
2012,"Luxembourg",392,130,235,27,26,8,3,1,509074,0,0,0,0,0,0,0,0,0,0,0,0,0,0,0,0,0,0,1,0,0,0,0
2012,"Macau",106,28,63,15,0,0,1,0,578025,0,0,0,0,0,0,0,0,0,0,0,0,0,0,0,0,0,0,0,0,0,0,0
2012,"Malaysia",184,91,72,21,1,0,1,0,29179952,0,0,0,0,0,0,0,0,0,0,0,0,0,0,0,0,0,0,0,0,0,0,0
2012,"Mexico",1568,327,1139,102,18,2,20,0,114975406,1,1,1,0,0,0,0,0,0,0,0,0,0,0,0,0,0,0,0,0,0,0,0
2012,"Mongolia",1001,477,524,0,8,0,0,12,3179997,0,0,0,0,0,0,0,0,0,0,0,0,0,0,0,0,0,0,1,0,0,0,0
2012,"Morocco",137,71,52,14,3,0,2,0,32309239,0,0,0,0,0,0,0,0,0,0,0,0,0,0,0,0,0,0,0,0,0,0,0
2012,"Namibia",438,104,215,119,47,10,3,2,2165828,0,0,0,0,0,0,0,0,0,0,0,0,0,0,0,0,0,0,0,0,0,0,0
2012,"Netherlands",2842,1468,1156,218,52,5,26,4,16730632,0,1,0,0,0,0,1,1,0,0,0,0,0,0,0,0,0,1,0,0,0,0,0
2012,"New Zealand",1193,593,437,163,60,6,6,3,4327944,1,0,1,0,0,0,0,0,0,0,1,0,0,0,0,0,1,0,0,0,0,0,0
2012,"Norway",6893,2130,4212,551,164,14,41,3,4707270,0,0,0,0,1,1,0,1,1,1,0,0,0,0,0,0,0,0,0,0,0,0,0
2012,"Poland",2575,713,1494,368,76,3,35,6,38415284,0,0,0,0,0,1,0,0,0,1,0,0,0,0,0,0,1,1,0,0,0,0,0
2012,"Portugal",116,48,50,18,5,2,1,0,10781459,0,0,0,0,0,0,0,0,0,0,0,0,0,0,0,0,0,0,0,0,0,0,0
2012,"Romania",1093,151,872,70,51,5,5,15,21848504,0,1,0,0,0,0,1,0,0,0,0,0,0,0,0,0,0,1,0,0,0,0,0
2012,"Russia",64326,2606,61220,500,230,5,346,2000,138082178,0,0,0,0,1,0,0,0,0,0,0,0,1,1,1,1,0,0,0,0,0,0,0
2012,"Serbia",564,147,414,3,21,2,4,1,7276604,1,1,0,0,0,0,1,0,0,0,0,0,0,0,0,0,0,0,0,0,0,0,0
2012,"Singapore",414,285,97,32,15,1,2,0,5353494,0,0,0,0,0,0,0,0,0,0,0,0,0,0,0,0,0,0,0,0,0,0,0
2012,"Slovakia",9034,2041,6576,417,327,16,47,21,5483088,0,0,0,0,1,0,0,0,1,1,0,0,1,0,1,0,0,0,0,0,0,0,0
2012,"Slovenia",924,148,707,69,46,4,7,1,1996617,0,0,0,0,0,1,0,0,0,1,0,0,0,0,0,0,1,1,0,0,0,0,0
2012,"South Africa",466,171,235,60,8,2,5,0,48810427,1,0,1,0,0,0,0,0,0,0,0,0,0,0,0,0,1,0,0,0,0,0,0
2012,"Spain",854,236,530,88,30,1,18,0,47042984,1,1,0,0,0,0,1,0,0,0,0,0,0,0,0,0,1,0,0,0,0,0,0
2012,"Sweden",69921,13084,53334,3503,2420,41,342,136,9103788,0,0,0,0,1,0,0,0,0,0,0,0,1,1,1,1,0,0,0,0,0,0,0
2012,"Switzerland",26166,11219,13775,1172,1079,43,158,29,7655628,0,0,0,0,1,0,0,0,0,0,0,0,1,1,1,1,0,0,0,0,0,0,0
2012,"Thailand",114,43,62,9,15,3,3,0,67091089,0,0,0,0,0,0,0,0,0,0,0,0,0,0,0,0,0,0,0,0,0,0,0
2012,"Turkey",790,310,320,160,80,30,8,3,79749461,0,0,0,0,0,0,0,0,0,0,1,0,0,0,0,0,0,0,1,0,0,0,0
2012,"Ukraine",4003,607,3384,12,74,0,25,0,44854065,0,1,0,0,0,0,0,0,0,1,0,0,0,0,0,0,0,1,0,0,0,0,0
2012,"United Arab Emirates",371,118,186,67,12,0,4,0,5314317,0,0,0,0,0,0,0,0,0,0,0,0,0,0,0,0,0,0,0,0,0,0,0
2012,"United States",511178,139033,305453,66692,23693,1263,2000,0,313847465,0,0,0,0,1,0,0,0,0,0,0,0,1,1,1,1,0,0,0,0,0,0,0
2013,"Andorra",56,23,24,9,0,0,1,0,85293,0,0,0,0,0,0,0,0,0,0,0,0,0,0,0,0,0,0,0,0,0,0,0
2013,"Australia",3658,2203,1067,388,375,29,20,0,22262501,1,1,0,0,0,0,1,0,0,0,0,0,0,0,0,0,1,0,0,0,0,0,0
2013,"Austria",11372,5867,4853,652,413,22,45,72,8221646,0,0,0,0,1,1,0,1,1,1,0,0,0,0,0,0,0,0,0,0,0,0,0
2013,"Belarus",7255,3219,3977,59,127,0,30,3,9625888,0,0,0,0,1,1,0,0,0,1,0,0,0,0,0,0,0,0,0,0,0,0,0
2013,"Belgium",1032,255,732,45,38,3,18,1,10444268,1,1,0,0,0,0,1,0,0,0,0,0,0,0,0,0,1,0,0,0,0,0,0
2013,"Bosnia & Herzegovina",203,58,135,10,6,0,2,0,3875723,0,0,0,0,0,0,0,0,0,0,0,0,0,0,0,0,0,0,0,0,0,0,0
2013,"Bulgaria",488,61,378,49,30,1,3,5,6981642,1,0,1,0,0,0,0,0,0,0,1,0,0,0,0,0,1,0,0,0,0,0,0
2013,"Canada",625152,91379,446543,87230,31804,1484,2631,5000,34568211,0,0,0,0,1,0,0,0,0,0,0,0,1,1,1,1,0,0,0,0,0,0,0
2013,"China",610,118,308,184,63,32,58,43,1349585838,1,0,1,0,0,0,0,1,1,0,1,0,0,0,0,0,0,0,0,0,0,0,0
2013,"Chinese Taipei",546,65,439,42,35,4,4,0,23299716,0,0,1,0,0,0,0,0,0,0,0,0,0,0,0,0,0,0,0,0,0,0,0
2013,"Croatia",552,99,402,51,14,1,2,4,4475611,1,0,0,0,0,1,1,0,0,0,0,0,0,0,0,0,1,0,0,0,0,0,0
2013,"Czech Republic",107722,82003,23209,2510,4333,206,158,23,10162921,0,0,0,0,1,0,0,0,0,0,0,0,1,1,1,1,0,0,0,0,0,0,0
2013,"Denmark",4198,1627,2165,406,102,4,25,0,5556452,0,0,0,0,1,1,0,1,0,1,0,0,0,0,0,0,0,0,0,0,0,0,0
2013,"DPR Korea",1575,640,420,515,20,0,3,12,24720407,0,0,0,0,0,0,0,1,0,0,0,0,0,0,0,0,0,0,1,0,0,0,0
2013,"Estonia",1341,568,700,73,23,1,7,6,1266375,0,1,0,0,0,0,1,0,0,0,0,0,0,0,0,0,0,1,0,0,0,0,0
2013,"Finland",66636,24778,37071,4787,1700,50,259,15,5266114,0,0,0,0,1,0,0,0,0,0,0,0,1,1,1,1,0,0,0,0,0,0,0
2013,"FYR Macedonia",126,79,47,0,0,0,1,4,2087171,0,0,0,0,0,0,0,0,0,0,0,0,0,0,0,0,0,0,0,0,0,0,0
2013,"France",18041,6763,10022,1256,99,7,124,5,65951611,0,0,0,0,1,1,0,1,1,1,0,0,0,0,0,0,0,0,0,0,0,0,0
2013,"Georgia",335,80,255,0,4,0,3,1,4555911,0,0,0,0,0,0,0,0,0,0,0,0,0,0,0,0,0,0,1,0,0,0,0
2013,"Germany",34256,9586,21556,3114,192,17,201,45,81147265,0,0,0,0,1,0,0,0,0,0,0,0,1,1,1,1,0,0,0,0,0,0,0
2013,"Great Britain",6798,2289,3815,694,292,27,84,0,63395574,0,0,0,0,0,1,1,1,1,0,0,0,0,0,0,0,0,1,0,0,0,0,0
2013,"Greece",713,463,153,97,4,2,0,0,10772967,0,0,0,0,0,0,0,0,0,0,0,0,0,0,0,0,0,0,1,0,0,0,0
2013,"Hong Kong",1337,597,661,79,9,0,4,0,7182724,0,0,0,0,0,0,0,0,0,0,0,0,0,0,0,0,0,0,0,0,0,0,0
2013,"Hungary",3913,209,3216,488,86,5,18,18,9939470,0,1,0,0,0,0,1,0,0,0,0,0,0,0,0,1,1,1,0,0,0,0,0
2013,"Iceland",611,62,445,104,18,3,3,0,315281,1,1,0,0,0,0,1,0,0,0,0,0,0,0,0,0,1,0,0,0,0,0,0
2013,"India",910,300,345,265,10,0,3,12,1220800359,0,0,0,0,0,0,0,0,0,0,0,0,0,0,0,0,0,0,0,0,0,0,0
2013,"Ireland",297,189,70,38,14,4,0,0,4775982,0,0,1,0,0,0,0,0,0,0,0,0,0,0,0,0,1,0,1,0,0,0,0
2013,"Israel",653,270,374,9,5,0,2,0,7707042,1,0,1,0,0,0,0,0,0,0,0,0,0,0,0,0,0,0,0,0,0,0,0
2013,"Italy",6909,2002,4502,405,156,6,45,24,61482297,0,0,0,0,0,1,0,0,1,1,0,0,0,0,0,0,1,1,0,0,0,0,0
2013,"Japan",15474,7746,5620,2108,820,68,110,120,127253075,0,1,0,0,0,0,0,1,1,1,0,0,0,0,0,0,0,1,0,0,0,0,0
2013,"Kazakhstan",4324,444,3773,107,46,7,18,81,17736896,0,0,0,0,0,1,0,1,1,1,0,0,0,0,0,0,0,1,0,0,0,0,0
2013,"Korea",2106,120,1796,190,62,11,43,4,48955203,0,1,0,0,0,0,0,0,0,1,0,0,0,0,0,0,1,1,0,0,0,0,0
2013,"Kuwait",340,89,179,72,1,1,2,0,2695316,0,0,0,0,0,0,0,0,0,0,0,0,0,0,0,0,0,0,0,0,0,0,0
2013,"Kyrgyzstan",330,228,102,0,6,0,1,4,5548042,0,0,0,0,0,0,0,0,0,0,0,0,0,0,0,0,0,0,0,0,0,0,0
2013,"Latvia",4569,2851,1636,82,161,22,17,0,2178443,0,0,0,0,1,0,0,1,0,0,0,0,1,1,0,0,0,0,0,0,0,0,0
2013,"Liechtenstein",87,65,22,0,0,0,0,0,37009,0,0,0,0,0,0,0,0,0,0,0,0,0,0,0,0,0,0,0,0,0,0,0
2013,"Lithuania",1073,464,609,0,33,1,8,4,3515858,0,1,0,0,0,0,1,0,0,0,0,0,0,0,0,0,0,1,0,0,0,0,0
2013,"Luxembourg",392,130,235,27,26,8,3,1,514862,0,0,0,0,0,0,0,0,0,0,0,0,0,0,0,0,0,0,1,0,0,0,0
2013,"Macau",137,48,61,28,8,0,1,0,583003,0,0,0,0,0,0,0,0,0,0,0,0,0,0,0,0,0,0,0,0,0,0,0
2013,"Malaysia",230,118,97,15,1,0,1,0,29628392,0,0,0,0,0,0,0,0,0,0,0,0,0,0,0,0,0,0,0,0,0,0,0
2013,"Mexico",2345,390,1597,358,18,2,23,0,116220947,1,0,1,0,0,0,0,0,0,0,1,0,0,0,0,0,0,0,0,0,0,0,0
2013,"Mongolia",976,460,516,0,8,0,0,13,3226516,0,0,0,0,0,0,0,0,0,0,0,0,0,0,0,0,0,0,1,0,0,0,0
2013,"Morocco",156,82,56,18,3,0,2,0,32649130,0,0,0,0,0,0,0,0,0,0,0,0,0,0,0,0,0,0,0,0,0,0,0
2013,"Netherlands",2888,1465,1194,229,45,5,26,2,16805037,0,1,0,0,0,0,1,1,0,0,0,0,0,0,0,0,0,1,0,0,0,0,0
2013,"New Zealand",1277,665,428,184,50,10,6,3,4365113,1,0,1,0,0,0,0,0,0,0,1,0,0,0,0,0,1,0,0,0,0,0,0
2013,"Norway",6899,2284,3972,643,199,17,44,2,4722701,0,0,0,0,1,1,0,1,1,1,0,0,0,0,0,0,0,0,0,0,0,0,0
2013,"Poland",2575,713,1494,368,76,3,35,6,38383809,0,0,0,0,0,1,0,0,0,1,0,0,0,0,0,0,1,1,0,0,0,0,0
2013,"Romania",1188,156,947,85,52,5,6,15,21790479,0,1,0,0,0,0,1,0,0,0,0,0,0,0,0,0,0,1,0,0,0,0,0
2013,"Russia",66551,2833,63156,562,1156,13,386,2064,142500482,0,0,0,0,1,0,0,0,0,0,0,0,1,1,1,1,0,0,0,0,0,0,0
2013,"Serbia",652,192,449,11,24,2,3,1,7243007,1,1,0,0,0,0,1,0,0,0,0,0,0,0,0,0,0,0,0,0,0,0,0
2013,"Singapore",434,308,95,31,20,1,1,0,5460302,0,0,0,0,0,0,0,0,0,0,0,0,0,0,0,0,0,0,0,0,0,0,0
2013,"Slovakia",9230,2025,6754,451,511,16,60,17,5488339,0,0,0,0,1,0,0,1,1,0,0,0,1,1,0,0,0,0,0,0,0,0,0
2013,"Slovenia",886,148,687,51,37,1,7,0,1992690,0,0,0,0,1,1,0,0,0,1,0,0,0,0,0,0,1,0,0,0,0,0,0
2013,"South Africa",483,159,257,67,8,2,5,0,48601098,0,0,1,0,0,0,0,0,0,0,0,0,0,0,0,0,1,0,1,0,0,0,0
2013,"Spain",854,236,530,88,30,1,18,0,47370542,1,1,0,0,0,0,1,0,0,0,0,0,0,0,0,0,1,0,0,0,0,0,0
2013,"Sweden",64214,13060,47968,3186,3169,81,352,139,9119423,0,0,0,0,1,0,0,0,0,0,0,0,1,1,1,1,0,0,0,0,0,0,0
2013,"Switzerland",26466,11476,14082,908,1021,40,158,29,7996026,0,0,0,0,1,0,0,0,1,0,0,0,1,1,1,0,0,0,0,0,0,0,0
2013,"Thailand",145,53,83,9,15,3,11,0,67448120,0,0,0,0,0,0,0,0,0,0,0,0,0,0,0,0,0,0,0,0,0,0,0
2013,"Turkey",790,310,320,160,80,30,8,3,80694485,1,0,1,0,0,0,0,0,0,0,1,0,0,0,0,0,1,0,0,0,0,0,0
2013,"Ukraine",4367,591,3764,12,77,0,25,7,44573205,0,0,0,0,0,1,0,0,0,1,0,0,0,0,0,0,0,1,0,0,0,0,0
2013,"United Arab Emirates",371,118,186,67,12,0,4,0,5473972,0,0,0,0,0,0,0,0,0,0,1,0,0,0,0,0,0,0,1,0,0,0,0
2013,"United States",510279,137766,306813,65700,23056,1247,1898,85,316668567,0,0,0,0,1,0,0,0,0,0,0,0,1,1,1,1,0,0,0,0,0,0,0
2014,"Andorra",52,17,24,11,0,0,1,0,85458,0,0,0,0,0,0,0,0,0,0,0,0,0,0,0,0,0,0,0,0,0,0,0
2014,"Argentina",1010,670,180,160,25,5,0,1,43024374,0,0,0,0,0,0,0,0,0,0,0,0,0,0,0,0,0,0,0,0,0,0,0
2014,"Armenia",533,352,181,0,18,0,3,3,3060631,0,0,0,0,0,0,0,0,0,0,0,0,0,0,0,0,0,0,0,0,0,0,0
2014,"Australia",4113,2600,1124,389,241,33,19,0,22507617,1,1,1,0,0,0,0,0,0,0,0,0,0,0,0,0,1,0,0,0,0,0,0
2014,"Austria",11720,6069,4978,673,254,11,45,72,8223062,0,0,0,0,0,1,0,1,1,1,0,0,0,0,0,0,0,1,0,0,1,0,0
2014,"Belarus",8355,3423,4890,42,129,0,31,3,9608058,0,0,0,0,1,1,0,0,0,1,0,0,0,0,0,0,0,0,0,0,0,0,0
2014,"Belgium",2950,1473,1203,274,38,3,16,0,10449361,1,0,0,0,0,0,1,0,0,0,1,0,0,0,0,0,1,0,0,0,0,0,0
2014,"Bosnia & Herzegovina",216,64,127,25,6,0,1,0,3871643,0,0,0,0,0,0,0,0,0,0,0,0,0,0,0,0,0,0,0,0,0,0,0
2014,"Brazil",519,314,143,62,15,6,2,0,202656788,0,0,0,0,0,0,0,0,0,0,0,0,0,0,0,0,0,0,0,0,0,0,0
2014,"Bulgaria",488,61,378,49,30,1,3,5,6924716,0,0,1,0,0,0,0,0,0,0,1,0,0,0,0,0,1,0,1,0,0,0,0
2014,"Canada",721504,116884,518008,86612,30444,2266,2631,5000,34834841,0,0,0,0,1,0,0,0,0,0,0,0,1,1,0,1,0,0,0,0,1,1,0
2014,"Chile",18,9,5,4,0,0,1,0,17363894,0,0,0,0,0,0,0,0,0,0,0,0,0,0,0,0,0,0,0,0,0,0,0
2014,"Croatia",600,117,425,58,14,1,2,4,4470534,0,1,0,0,0,0,1,0,0,0,0,0,0,0,0,0,1,1,0,0,0,0,0
2014,"Czech Republic",110525,85576,22302,2647,4463,264,158,23,10627448,0,0,0,0,1,0,0,1,0,0,0,0,1,1,0,1,0,0,0,0,1,0,0
2014,"Denmark",4252,1678,2174,400,106,5,25,0,5569077,0,0,0,0,1,1,0,1,0,0,0,0,0,1,0,0,0,0,0,0,0,0,0
2014,"DPR Korea",1575,640,420,515,20,0,3,12,24851627,0,0,0,0,0,0,0,1,0,0,0,0,0,0,0,0,0,0,1,0,0,0,0
2014,"Estonia",1341,568,700,73,23,1,7,6,1257921,1,1,0,0,0,0,1,0,0,0,0,0,0,0,0,0,0,0,0,0,0,0,0
2014,"Finland",73682,28589,39263,5830,1773,48,260,28,5268799,0,0,0,0,1,0,0,0,0,0,0,0,1,1,0,1,0,0,0,0,1,1,0
2014,"FYR Macedonia",137,86,51,0,3,0,1,3,2091719,0,0,0,0,0,0,0,0,0,0,0,0,0,0,0,0,0,0,0,0,0,0,0
2014,"France",18211,6819,10071,1321,102,7,135,9,66259012,0,0,0,0,1,1,0,1,1,1,0,0,0,0,0,0,0,0,0,0,0,0,0
2014,"Georgia",431,81,337,13,4,0,4,1,4935880,0,0,0,0,0,0,0,0,0,0,0,0,0,0,0,0,0,0,1,0,0,0,0
2014,"Germany",29371,8389,18084,2898,202,21,202,45,80996685,0,0,0,0,1,0,0,0,1,0,0,0,1,1,0,0,0,0,0,0,0,1,0
2014,"Great Britain",11039,5625,4343,1071,277,18,84,0,63742977,0,0,0,0,0,1,1,0,1,0,0,0,0,0,0,0,1,1,0,0,0,0,0
2014,"Greece",713,463,153,97,4,2,0,0,10775557,0,0,0,0,0,0,0,0,0,0,0,0,0,0,0,0,0,0,0,0,0,0,0
2014,"Hong Kong",1631,514,903,214,18,0,5,0,7112688,0,0,1,0,0,0,0,0,0,0,0,0,0,0,0,0,1,0,1,0,0,0,0
2014,"Hungary",4449,557,3328,564,104,8,19,18,9919128,0,1,0,0,0,0,0,1,0,1,0,0,0,0,0,1,0,1,0,0,0,0,0
2014,"Iceland",530,60,376,94,14,3,3,0,317351,1,1,0,0,0,0,1,0,0,0,0,0,0,0,0,0,1,0,0,0,0,0,0
2014,"India",910,300,345,265,10,0,3,12,1236344631,0,0,0,0,0,0,0,0,0,0,0,0,0,0,0,0,0,0,0,0,0,0,0
2014,"Ireland",297,189,70,38,14,4,0,0,4832765,0,0,0,0,0,0,0,0,0,0,0,0,0,0,0,0,0,0,0,0,0,0,0
2014,"Israel",613,239,352,22,13,0,3,0,7821850,1,0,1,0,0,0,0,0,0,0,0,0,0,0,0,0,0,0,0,0,0,0,0
2014,"Italy",5851,1362,4149,340,158,6,45,24,61680122,0,0,0,0,1,1,0,0,1,1,0,0,0,0,0,0,1,0,0,0,0,0,0
2014,"Japan",19260,9641,6996,2623,869,69,110,120,127103388,0,0,0,0,0,1,0,0,0,1,0,0,0,0,0,1,0,1,0,0,0,1,0
2014,"Kazakhstan",4892,438,4279,175,49,8,19,128,17948816,0,0,0,0,1,1,0,1,1,1,0,0,0,0,0,0,0,0,0,0,0,0,0
2014,"Korea",1744,109,1458,177,70,13,38,4,49039986,0,1,0,0,0,0,1,0,0,0,0,0,0,0,0,0,1,1,0,0,0,0,0
2014,"Kuwait",398,94,205,99,1,1,1,0,2742711,0,0,0,0,0,0,0,0,0,0,0,0,0,0,0,0,0,0,0,0,0,0,0
2014,"Kyrgyzstan",330,228,102,0,6,0,1,4,5604212,0,0,0,0,0,0,0,0,0,0,0,0,0,0,0,0,0,0,0,0,0,0,0
2014,"Latvia",5740,3965,1689,86,162,25,17,0,2165165,0,0,0,0,1,1,0,1,0,1,0,0,0,0,0,0,0,0,0,0,1,0,0
2014,"Liechtenstein",86,65,21,0,0,0,0,0,37313,0,0,0,0,0,0,0,0,0,0,0,0,0,0,0,0,0,0,0,0,0,0,0
2014,"Lithuania",1246,476,741,29,33,1,8,4,3505738,0,1,0,0,0,0,1,0,0,0,0,0,0,0,0,0,0,1,0,0,0,0,0
2014,"Luxembourg",392,130,235,27,26,8,3,1,520672,0,0,0,0,0,0,0,0,0,0,0,0,0,0,0,0,0,0,1,0,0,0,0
2014,"Macau",144,48,71,25,7,1,1,0,587914,0,0,0,0,0,0,0,0,0,0,0,0,0,0,0,0,0,0,0,0,0,0,0
2014,"Malaysia",295,119,137,39,15,2,1,0,30073353,0,0,0,0,0,0,0,0,0,0,0,0,0,0,0,0,0,0,0,0,0,0,0
2014,"Mexico",2020,243,1427,350,14,0,23,0,120286655,1,0,1,0,0,0,0,0,0,0,1,0,0,0,0,0,1,0,0,0,0,0,0
2014,"Mongolia",974,460,514,0,8,0,0,13,2953190,0,0,0,0,0,0,0,0,0,0,0,0,0,0,0,0,0,0,0,0,0,0,0
2014,"Morocco",154,80,60,14,4,0,2,0,32987206,0,0,0,0,0,0,0,0,0,0,0,0,0,0,0,0,0,0,0,0,0,0,0
2014,"Netherlands",2888,1465,1194,229,45,5,26,2,16877351,0,1,0,0,0,0,1,1,0,0,0,0,0,0,0,0,0,1,0,0,0,0,0
2014,"New Zealand",1277,665,428,184,50,10,6,3,4401916,1,0,1,0,0,0,0,0,0,0,1,0,0,0,0,0,1,0,0,0,0,0,0
2014,"Norway",6899,2284,3972,643,199,17,44,2,5147792,0,0,0,0,1,0,0,1,1,1,0,0,1,0,0,0,0,0,0,0,1,0,0
2014,"Oman",39,24,15,0,0,0,1,0,3219775,0,0,0,0,0,0,0,0,0,0,0,0,0,0,0,0,0,0,0,0,0,0,0
2014,"Poland",2575,713,1494,368,76,3,35,6,38346279,0,0,0,0,0,1,0,0,1,1,0,0,0,0,0,0,1,1,0,0,0,0,0
2014,"Qatar",66,4,62,0,2,0,3,0,2123160,0,0,0,0,0,0,0,0,0,0,0,0,0,0,0,0,0,0,0,0,0,0,0
2014,"Romania",1102,165,884,53,36,4,6,15,21729871,0,1,0,0,0,0,1,0,0,0,0,0,0,0,0,0,0,1,0,0,0,0,0
2014,"Russia",84270,1966,81592,712,1158,6,419,2450,142470272,0,0,0,0,1,0,0,0,0,0,0,0,1,1,0,1,0,0,0,0,1,1,0
2014,"Serbia",813,224,565,24,30,2,3,1,7209764,1,1,0,0,0,0,1,0,0,0,0,0,0,0,0,0,0,0,0,0,0,0,0
2014,"Singapore",476,292,151,33,21,2,2,0,5567301,0,0,0,0,0,0,0,0,0,0,0,0,0,0,0,0,0,0,0,0,0,0,0
2014,"Slovakia",11308,2122,8675,511,529,17,64,17,5443583,0,0,0,0,1,0,0,1,1,0,0,0,1,1,0,0,0,0,0,0,1,0,0
2014,"Slovenia",1020,145,799,76,37,1,7,0,1988292,0,0,0,0,0,1,0,0,0,1,0,0,0,0,0,0,1,1,0,0,1,0,0
2014,"South Africa",408,132,195,81,8,2,6,0,48375645,1,0,1,0,0,0,0,0,0,0,1,0,0,0,0,0,1,0,0,0,0,0,0
2014,"Spain",900,218,524,158,30,1,18,0,47737941,1,1,0,0,0,0,1,0,0,0,0,0,0,0,0,0,1,0,0,0,0,0,0
2014,"Sweden",56839,11884,41521,3434,4223,73,355,136,9723809,0,0,0,0,1,0,0,0,0,0,0,0,1,1,0,1,0,0,0,0,1,1,0
2014,"Switzerland",26415,11584,13740,1091,1070,36,158,30,8061516,0,0,0,0,1,0,0,0,1,0,0,0,1,1,0,0,0,0,0,0,1,1,0
2014,"Thailand",359,116,207,36,5,0,13,0,67741401,0,0,0,0,0,0,0,0,0,0,0,0,0,0,0,0,0,0,0,0,0,0,0
2014,"Turkey",1395,69,871,455,125,62,8,20,81619392,1,0,1,0,0,0,0,0,0,0,1,0,0,0,0,0,1,0,0,0,0,0,0
2014,"Ukraine",4080,445,3621,14,72,0,25,7,44291413,0,0,0,0,0,1,0,0,0,1,0,0,0,0,0,0,0,1,0,0,0,0,0
2014,"United Arab Emirates",900,342,443,115,19,2,9,0,5628805,0,0,0,0,0,0,0,0,0,0,0,0,0,0,0,0,0,0,1,0,0,0,0
2014,"United States",519417,149884,302303,67230,22158,1255,1898,500,318892103,0,0,0,0,1,0,0,0,0,0,0,0,1,1,0,1,0,0,0,0,1,1,0
2015,"Andorra",52,17,24,11,0,0,1,0,85580,0,0,0,0,0,0,0,0,0,0,0,0,0,0,0,0,0,0,0,0,0,0,0
2015,"Argentina",1010,670,180,160,25,5,0,1,43431886,0,0,0,0,0,0,0,0,0,0,0,0,0,0,0,0,0,0,0,0,0,0,0
2015,"Armenia",294,67,227,0,18,0,3,4,3056382,0,0,0,0,0,0,0,0,0,0,0,0,0,0,0,0,0,0,0,0,0,0,0
2015,"Australia",4264,2743,1132,389,251,27,10,0,22751014,1,1,0,0,0,0,1,0,0,0,0,0,0,0,0,0,1,0,0,0,0,0,0
2015,"Austria",11754,6069,5009,676,254,11,47,72,8665550,0,0,0,0,1,1,0,1,1,1,0,0,0,0,0,0,0,0,0,0,0,0,0
2015,"Belarus",4851,1569,3277,5,118,0,31,3,9589689,0,0,0,0,1,1,0,0,0,1,0,0,0,0,0,0,0,0,0,0,0,0,0
2015,"Belgium",2571,1216,1103,252,34,4,16,0,11323973,1,1,0,0,0,0,1,0,0,0,0,0,0,0,0,0,1,0,0,0,0,0,0
2015,"Bosnia & Herzegovina",197,44,123,30,6,0,1,0,3867055,0,0,0,0,0,0,0,0,0,0,0,0,0,0,0,0,0,0,1,0,0,0,0
2015,"Brazil",542,318,172,52,25,0,4,0,204259812,0,0,0,0,0,0,0,0,0,0,0,0,0,0,0,0,0,0,0,0,0,0,0
2015,"Bulgaria",565,95,405,65,33,2,5,4,7186893,1,0,1,0,0,0,0,0,0,0,0,0,0,0,0,0,1,0,0,0,0,0,0
2015,"Canada",721504,116884,518008,86612,30444,2266,2631,5000,35099836,0,0,0,0,1,0,0,0,0,0,0,0,1,1,1,1,0,0,0,0,0,0,0
2015,"Chile",18,9,5,4,0,0,1,0,17508260,0,0,0,0,0,0,0,0,0,0,0,0,0,0,0,0,0,0,0,0,0,0,0
2015,"Croatia",616,125,433,58,15,1,2,4,4464844,0,1,0,0,0,0,1,0,0,0,0,0,0,0,0,0,1,1,0,0,0,0,0
2015,"Czech Republic",109103,79838,26551,2714,4463,264,21,148,10644842,0,0,0,0,1,0,0,1,0,0,0,0,1,1,0,1,0,0,0,0,0,0,0
2015,"Denmark",4295,1680,2198,417,114,5,26,0,5581503,0,0,0,0,1,0,0,1,1,1,0,0,1,0,0,0,0,0,0,0,0,0,0
2015,"DPR Korea",1575,640,420,515,20,0,3,12,24983205,0,0,0,0,0,0,0,1,0,0,0,0,0,0,0,0,0,0,1,0,0,0,0
2015,"Estonia",843,194,619,30,60,8,6,4,1265420,0,1,0,0,0,0,1,0,0,0,0,0,0,0,0,0,0,1,0,0,0,0,0
2015,"Finland",75871,29683,39731,6457,1814,62,260,24,5476922,0,0,0,0,1,0,0,0,0,0,0,0,1,1,1,1,0,0,0,0,0,0,0
2015,"FYR Macedonia",137,86,51,0,3,0,1,3,66553766,0,0,0,0,0,0,0,0,0,0,0,0,0,0,0,0,0,0,0,0,0,0,0
2015,"France",20656,8324,10217,2115,102,7,135,9,2096015,0,0,0,0,1,1,0,1,1,1,0,0,0,0,0,0,0,0,0,0,0,0,0
2015,"Georgia",492,64,386,42,4,0,4,1,4931226,0,0,0,0,0,0,0,0,0,0,0,0,0,0,0,0,0,0,1,0,0,0,0
2015,"Germany",25201,7196,15646,2359,1052,50,202,45,80854408,0,0,0,0,1,0,0,0,1,0,0,0,1,1,1,0,0,0,0,0,0,0,0
2015,"Great Britain",10896,5625,4170,1101,282,19,63,0,64088222,0,1,0,0,0,0,1,0,1,0,0,0,0,0,0,0,1,1,0,0,0,0,0
2015,"Greece",713,463,153,97,4,2,0,0,10775643,0,0,0,0,0,0,0,0,0,0,0,0,0,0,0,0,0,0,0,0,0,0,0
2015,"Hong Kong",1631,514,903,214,18,0,4,0,7141106,0,0,1,0,0,0,0,0,0,0,0,0,0,0,0,0,1,0,1,0,0,0,0
2015,"Hungary",4622,636,3509,477,114,4,24,13,9897541,0,0,0,0,0,1,0,1,1,1,0,0,0,0,0,0,0,1,0,0,0,0,0
2015,"Iceland",511,62,357,92,15,2,3,0,331918,1,1,1,0,0,0,0,0,0,0,0,0,0,0,0,0,1,0,0,0,0,0,0
2015,"India",1104,315,541,248,10,2,10,4,1251695584,0,0,0,0,0,0,0,0,0,0,0,0,0,0,0,0,0,0,0,0,0,0,0
2015,"Ireland",232,72,120,40,2,2,0,5,4892305,0,0,0,0,0,0,0,0,0,0,0,0,0,0,0,0,0,0,0,0,0,0,0
2015,"Israel",849,326,488,35,22,0,3,0,8049314,1,0,1,0,0,0,0,0,0,0,0,0,0,0,0,0,0,0,0,0,0,0,0
2015,"Italy",5851,1362,4149,340,158,6,45,24,61855120,0,0,0,0,0,1,0,1,1,1,0,0,0,0,0,0,0,1,0,0,0,0,0
2015,"Japan",19287,9965,7103,2219,825,60,34,123,126919659,0,0,0,0,0,1,0,0,0,1,0,0,0,0,1,1,0,1,0,0,0,0,0
2015,"Kazakhstan",4892,438,4279,175,49,8,19,128,18157122,0,0,0,0,0,1,0,0,1,1,0,0,0,0,0,0,1,1,0,0,0,0,0
2015,"Korea",2207,133,1880,194,55,8,38,4,49115196,0,1,0,0,0,0,1,0,0,0,0,0,0,0,0,0,1,1,0,0,0,0,0
2015,"Kuwait",440,97,242,101,1,1,2,0,2788534,0,0,0,0,0,0,0,0,0,0,0,0,0,0,0,0,0,0,0,0,0,0,0
2015,"Kyrgyzstan",501,247,254,0,11,0,3,2,5664939,0,0,0,0,0,0,0,0,0,0,0,0,0,0,0,0,0,0,0,0,0,0,0
2015,"Latvia",5841,4017,1722,102,139,26,19,0,1986705,0,0,0,0,1,1,0,1,0,0,0,0,0,1,0,0,0,0,0,0,0,0,0
2015,"Liechtenstein",86,65,21,0,0,0,0,0,37624,0,0,0,0,0,0,0,0,0,0,0,0,0,0,0,0,0,0,0,0,0,0,0
2015,"Lithuania",1403,484,883,36,33,1,8,4,2884433,0,1,0,0,0,0,0,0,0,1,0,0,0,0,0,0,0,1,0,0,0,0,0
2015,"Luxembourg",392,130,235,27,26,8,3,1,570252,0,0,0,0,0,0,0,0,0,0,0,0,0,0,0,0,0,0,1,0,0,0,0
2015,"Macau",144,48,71,25,7,1,1,0,592731,0,0,0,0,0,0,0,0,0,0,0,0,0,0,0,0,0,0,0,0,0,0,0
2015,"Malaysia",295,119,137,39,15,2,1,0,30513848,0,0,0,0,0,0,0,0,0,0,0,0,0,0,0,0,0,0,0,0,0,0,0
2015,"Mexico",2020,243,1427,350,14,0,23,0,121736809,1,0,1,0,0,0,0,0,0,0,1,0,0,0,0,0,1,0,0,0,0,0,0
2015,"Mongolia",653,275,374,4,8,0,0,13,2992908,0,0,0,0,0,0,0,0,0,0,0,0,0,0,0,0,0,0,0,0,0,0,0
2015,"Morocco",151,110,27,14,2,0,2,0,33322699,0,0,0,0,0,0,0,0,0,0,0,0,0,0,0,0,0,0,0,0,0,0,0
2015,"Netherlands",5615,0,4923,692,50,7,26,2,16947904,0,1,0,0,0,0,1,0,0,0,0,0,0,0,0,0,0,1,0,0,0,0,0
2015,"New Zealand",1277,665,428,184,50,10,6,3,4438393,1,0,1,0,0,0,0,0,0,0,1,0,0,0,0,0,1,0,0,0,0,0,0
2015,"Norway",6629,1818,4179,632,255,15,45,1,5207689,0,0,0,0,1,1,0,1,1,1,0,0,0,0,0,0,0,0,0,0,0,0,0
2015,"Oman",60,36,24,0,0,0,1,0,3286936,0,0,0,0,0,0,0,0,0,0,0,0,0,0,0,0,0,0,0,0,0,0,0
2015,"Poland",2575,713,1494,368,76,3,35,6,38562189,0,0,0,0,0,1,1,0,1,0,0,0,0,0,0,0,1,1,0,0,0,0,0
2015,"Qatar",114,11,99,4,5,0,3,0,2194817,0,0,0,0,0,0,0,0,0,0,0,0,0,0,0,0,0,0,0,0,0,0,0
2015,"Romania",1075,168,839,68,40,4,6,15,21666350,1,1,0,0,0,0,1,0,0,0,0,0,0,0,0,0,0,0,0,0,0,0,0
2015,"Russia",99172,11320,86100,1752,1120,26,450,2553,142423773,0,0,0,0,1,0,0,0,0,0,0,0,1,1,1,1,0,0,0,0,0,0,0
2015,"Serbia",849,224,590,35,24,2,3,1,7176794,1,1,0,0,0,0,1,0,0,0,0,0,0,0,0,0,0,0,0,0,0,0,0
2015,"Singapore",461,278,149,34,21,2,2,0,5674472,0,0,0,0,0,0,0,0,0,0,0,0,0,0,0,0,0,0,0,0,0,0,0
2015,"Slovakia",11518,3285,7542,691,319,12,64,17,5445027,0,0,0,0,1,0,0,1,1,0,0,0,1,1,0,0,0,0,0,0,0,0,0
2015,"Slovenia",988,117,807,64,37,1,7,0,1983412,0,0,0,0,1,1,0,0,0,1,0,0,0,0,0,0,1,0,0,0,0,0,0
2015,"South Africa",682,187,356,139,8,2,5,1,53675563,1,0,1,0,0,0,0,0,0,0,1,0,0,0,0,0,1,0,0,0,0,0,0
2015,"Spain",923,197,521,205,30,1,16,0,48146134,1,1,0,0,0,0,1,0,0,0,0,0,0,0,0,0,1,0,0,0,0,0,0
2015,"Sweden",60089,13060,43311,3718,4628,104,358,136,9801616,0,0,0,0,1,0,0,0,0,0,0,0,1,1,1,1,0,0,0,0,0,0,0
2015,"Switzerland",23296,6639,15530,1127,1209,53,159,30,8121830,0,0,0,0,1,0,0,0,0,0,0,0,1,1,1,1,0,0,0,0,0,0,0
2015,"Thailand",359,116,207,36,5,0,13,0,67976405,0,0,0,0,0,0,0,0,0,0,0,0,0,0,0,0,0,0,0,0,0,0,0
2015,"Turkey",1300,226,727,347,125,62,8,20,79414269,0,0,1,0,0,0,0,0,0,0,1,0,0,0,0,0,1,0,1,0,0,0,0
2015,"Turkmenistan",182,62,120,0,0,0,4,0,5231422,0,0,0,0,0,0,0,0,0,0,0,0,0,0,0,0,0,0,0,0,0,0,0
2015,"Ukraine",6181,2425,3724,32,53,0,26,7,44429471,0,0,0,0,0,1,0,0,0,1,0,0,0,0,0,0,0,1,0,0,0,0,0
2015,"United Arab Emirates",900,342,443,115,19,2,9,0,5779760,0,0,0,0,0,0,0,0,0,0,0,0,0,0,0,0,0,0,1,0,0,0,0
2015,"United States",533172,156357,307071,69744,21872,1319,1900,500,321368864,0,0,0,0,1,0,0,0,0,0,0,0,1,1,1,1,0,0,0,0,0,0,0
2016,"Andorra",52,17,24,11,0,0,1,0,85580,0,0,0,0,0,0,0,0,0,0,0,0,0,0,0,0,0,0,0,0,0,0,0
2016,"Argentina",972,600,120,252,13,13,1,5,43431886,0,0,0,0,0,0,0,0,0,0,0,0,0,0,0,0,0,0,0,0,0,0,0
2016,"Armenia",323,66,257,0,6,0,3,2,3056382,0,0,0,0,0,0,0,0,0,0,0,0,0,0,0,0,0,0,0,0,0,0,0
2016,"Australia",3918,2381,1069,468,332,47,19,0,22751014,1,1,1,0,0,0,0,0,1,0,0,0,0,0,0,0,1,0,0,0,0,0,0
2016,"Austria",9493,3938,4884,671,254,11,38,35,8665550,0,0,0,0,1,1,0,1,1,1,0,0,0,0,0,0,0,0,0,0,0,0,0
2016,"Belarus",4968,1589,3375,4,137,2,38,3,9589689,0,0,0,0,1,0,0,0,0,1,0,0,1,0,0,0,0,0,0,0,0,0,0
2016,"Belgium",2180,834,1210,136,39,3,16,0,11323973,1,1,0,0,0,0,1,0,0,0,0,0,0,0,0,0,0,0,0,0,0,0,0
2016,"Bosnia & Herzegovina",187,39,112,36,6,0,1,3,3867055,0,0,0,0,0,0,0,0,0,0,0,0,0,0,0,0,0,0,1,0,0,0,0
2016,"Brazil",27,23,4,0,10,0,4,0,204259812,0,0,0,0,0,0,0,0,0,0,0,0,0,0,0,0,0,0,0,0,0,0,0
2016,"Bulgaria",760,120,575,65,28,6,3,5,7186893,1,0,1,0,0,0,0,0,0,0,1,0,0,0,0,0,1,0,0,0,0,0,0
2016,"Canada",639500,97000,455000,87500,29907,2326,3250,5000,35099836,0,0,0,0,1,0,0,0,0,0,0,0,1,1,1,1,0,0,0,0,0,0,0
2016,"Chile",493,128,242,123,0,0,2,0,17508260,0,0,0,0,0,0,0,0,0,0,0,0,0,0,0,0,0,0,0,0,0,0,0
2016,"China",1101,222,585,294,61,34,154,206,1367485388,1,1,0,0,0,0,1,1,1,0,0,0,0,0,0,0,0,0,0,0,0,0,0
2016,"Chinese Taipei",960,85,696,179,72,19,7,0,23415126,0,0,1,0,0,0,0,0,0,0,0,0,0,0,0,0,0,0,0,0,0,0,0
2016,"Croatia",562,128,380,54,16,0,8,2,4464844,0,1,0,0,0,0,1,0,0,0,0,0,0,0,0,0,1,1,0,0,0,0,0
2016,"Czech Republic",109103,79838,26551,2714,4700,201,21,148,10644842,0,0,0,0,1,0,0,0,0,0,0,0,1,1,1,1,0,0,0,0,0,0,0
2016,"Denmark",4716,1743,2545,428,115,5,27,0,5581503,0,0,0,0,1,0,0,1,1,0,0,0,1,1,0,0,0,0,0,0,0,0,0
2016,"DPR Korea",2320,170,1230,920,32,6,3,13,24983205,1,0,0,0,0,0,0,0,0,0,0,0,0,0,0,0,1,0,0,0,0,0,0
2016,"Estonia",1393,798,574,21,60,8,6,4,1265420,0,1,0,0,0,0,1,0,0,0,0,0,0,0,0,0,0,1,0,0,0,0,0
2016,"Finland",74150,29593,38607,5950,1814,62,33,263,5476922,0,0,0,0,1,0,0,0,0,0,0,0,1,1,1,1,0,0,0,0,0,0,0
2016,"France",21451,8615,10630,2206,106,7,135,9,66553766,0,0,0,0,1,1,0,1,0,1,0,0,0,0,0,1,0,0,0,0,0,0,0
2016,"FYR Macedonia",119,45,59,15,4,0,1,6,2096015,0,0,0,0,0,0,0,0,0,0,0,0,0,0,0,0,0,0,0,0,0,0,0
2016,"Georgia",492,64,386,42,4,0,4,1,4931226,0,0,0,0,0,0,0,0,0,0,0,0,0,0,0,0,0,0,1,0,0,0,0
2016,"Germany",25430,7240,15774,2416,243,41,209,45,80854408,0,0,0,0,1,1,0,1,1,1,0,0,0,0,0,0,0,0,0,0,0,0,0
2016,"Great Britain",12462,6636,4693,1133,282,19,63,0,64088222,0,0,0,0,0,1,1,0,1,0,0,0,0,0,0,0,1,1,0,0,0,0,0
2016,"Greece",296,85,171,40,3,0,3,0,10775643,0,0,0,0,0,0,0,0,0,0,0,0,0,0,0,0,0,0,0,0,0,0,0
2016,"Hong Kong",1785,530,1006,249,33,1,5,0,7141106,0,0,1,0,0,0,0,0,0,0,0,0,0,0,0,0,1,0,1,0,0,0,0
2016,"Hungary",4776,601,3637,538,127,4,41,15,9897541,0,1,0,0,1,0,0,1,1,1,0,0,0,0,0,0,0,0,0,0,0,0,0
2016,"Iceland",566,64,395,107,15,2,3,0,331918,1,0,0,0,0,0,1,0,0,0,1,0,0,0,0,0,1,0,0,0,0,0,0
2016,"India",1276,363,608,305,10,2,5,13,1251695584,0,0,0,0,0,0,0,0,0,0,0,0,0,0,0,0,0,0,0,0,0,0,0
2016,"Indonesia",94,45,45,4,8,2,3,0,255993674,0,0,0,0,0,0,0,0,0,0,0,0,0,0,0,0,0,0,0,0,0,0,0
2016,"Ireland",308,74,165,69,5,2,5,0,4892305,0,0,0,0,0,0,0,0,0,0,0,0,0,0,0,0,0,0,0,0,0,0,0
2016,"Israel",901,345,513,43,29,0,4,0,8049314,1,0,1,0,0,0,0,0,0,0,1,0,0,0,0,0,0,0,0,0,0,0,0
2016,"Italy",5896,1374,4081,441,127,5,46,24,61855120,0,0,0,0,0,1,0,1,1,1,0,0,0,0,0,0,0,1,0,0,0,0,0
2016,"Japan",18988,9505,6897,2586,805,61,34,123,126919659,0,0,0,0,0,0,0,0,1,1,0,0,0,0,1,0,0,1,0,0,0,0,0
2016,"Kazakhstan",5041,655,4191,195,52,7,30,315,18157122,0,0,0,0,1,1,0,1,1,1,0,0,0,0,0,0,0,0,0,0,0,0,0
2016,"Korea",2591,233,2099,259,74,7,43,4,49115196,0,1,0,0,0,0,0,0,0,1,0,0,0,0,0,0,1,1,0,0,0,0,0
2016,"Kuwait",723,109,370,244,1,1,3,0,2788534,0,0,0,0,0,0,0,0,0,0,0,0,0,0,0,0,0,0,0,0,0,0,0
2016,"Kyrgyzstan",565,266,299,0,11,0,4,4,5664939,0,0,0,0,0,0,0,0,0,0,0,0,0,0,0,0,0,0,0,0,0,0,0
2016,"Latvia",6699,4710,1888,101,158,27,19,0,1986705,0,0,0,0,1,1,0,1,0,0,0,0,0,1,0,0,0,0,0,0,0,0,0
2016,"Liechtenstein",86,65,21,0,0,0,0,0,37624,0,0,0,0,0,0,0,0,0,0,0,0,0,0,0,0,0,0,0,0,0,0,0
2016,"Lithuania",1585,552,992,41,33,2,8,4,2884433,0,1,0,0,0,0,1,0,0,0,0,0,0,0,0,0,0,1,0,0,0,0,0
2016,"Luxembourg",399,140,246,13,23,19,3,1,570252,0,0,0,0,0,0,0,0,0,0,0,0,0,0,0,0,0,0,1,0,0,0,0
2016,"Macau",101,25,57,19,6,2,1,0,592731,0,0,0,0,0,0,0,0,0,0,0,0,0,0,0,0,0,0,0,0,0,0,0
2016,"Malaysia",367,122,170,75,17,2,2,0,30513848,0,0,0,0,0,0,0,0,0,0,0,0,0,0,0,0,0,0,0,0,0,0,0
2016,"Mexico",1964,670,1114,180,16,3,19,0,121736809,1,0,1,0,0,0,0,0,0,0,1,0,0,0,0,0,1,0,0,0,0,0,0
2016,"Mongolia",730,280,446,4,8,0,2,19,2992908,0,0,0,0,0,0,0,0,0,0,0,0,0,0,0,0,0,0,0,0,0,0,0
2016,"Morocco",151,110,27,14,2,0,2,0,33322699,0,0,0,0,0,0,0,0,0,0,0,0,0,0,0,0,0,0,0,0,0,0,0
2016,"Namibia",416,86,225,105,31,4,1,5,2212307,0,0,0,0,0,0,0,0,0,0,0,0,0,0,0,0,0,0,0,0,0,0,0
2016,"Netherlands",5600,3685,1209,706,41,5,26,2,16947904,1,1,0,0,0,0,1,1,0,0,0,0,0,0,0,0,0,0,0,0,0,0,0
2016,"New Zealand",1255,415,685,155,35,5,6,5,4438393,1,0,1,0,0,0,0,0,0,0,1,0,0,0,0,0,1,0,0,0,0,0,0
2016,"Norway",6629,1818,4179,632,255,15,45,1,5207689,0,0,0,0,1,1,0,1,1,1,0,0,0,0,0,0,0,0,0,0,0,0,0
2016,"Oman",73,38,35,0,2,0,2,0,3286936,0,0,0,0,0,0,0,0,0,0,0,0,0,0,0,0,0,0,0,0,0,0,0
2016,"Philippines",131,41,57,33,11,0,4,0,100998376,0,0,0,0,0,0,0,0,0,0,0,0,0,0,0,0,0,0,0,0,0,0,0
2016,"Poland",3586,978,2248,360,86,3,35,6,38562189,0,0,0,0,0,1,1,0,1,0,0,0,0,0,0,0,1,1,0,0,0,0,0
2016,"Qatar",106,10,91,5,4,0,3,0,2194817,0,0,0,0,0,0,0,0,0,0,0,0,0,0,0,0,0,0,0,0,0,0,0
2016,"Romania",1206,158,943,105,59,5,16,10,21666350,0,1,0,0,0,0,1,0,1,0,0,0,0,0,0,0,1,1,0,0,0,0,0
2016,"Russia",102179,12485,87730,1964,1231,51,550,2533,142423773,0,0,0,0,1,0,0,0,0,0,0,0,1,1,1,1,0,0,0,0,0,0,0
2016,"Serbia",786,232,490,64,25,0,3,1,7176794,1,1,0,0,0,0,1,0,0,0,0,0,0,0,0,0,0,0,0,0,0,0,0
2016,"Singapore",533,333,149,51,20,4,2,0,5674472,0,0,0,0,0,0,0,0,0,0,0,0,0,0,0,0,0,0,0,0,0,0,0
2016,"Slovakia",12380,3180,8457,743,392,20,61,17,5445027,0,0,0,0,1,0,0,1,1,0,0,0,1,1,0,0,0,0,0,0,0,0,0
2016,"Slovenia",1017,141,805,71,37,1,7,0,1983412,0,0,0,0,0,1,0,0,0,1,0,0,0,0,0,0,1,1,0,0,0,0,0
2016,"South Africa",751,243,359,149,35,3,7,1,53675563,0,0,1,0,0,0,0,0,0,0,1,0,0,0,0,0,1,0,1,0,0,0,0
2016,"Spain",904,187,532,185,29,1,17,0,48146134,1,1,0,0,0,0,1,0,0,0,0,0,0,0,0,0,1,0,0,0,0,0,0
2016,"Sweden",60408,13954,41440,5014,4628,104,358,136,9801616,0,0,0,0,1,0,0,0,0,0,0,0,1,1,1,1,0,0,0,0,0,0,0
2016,"Switzerland",26898,11129,14539,1230,1207,55,159,30,8121830,0,0,0,0,1,0,0,0,0,0,0,0,1,1,1,1,0,0,0,0,0,0,0
2016,"Thailand",359,116,207,36,5,0,13,0,67976405,0,0,0,0,0,0,0,0,0,0,0,0,0,0,0,0,0,0,0,0,0,0,0
2016,"Turkey",1092,180,576,336,125,62,24,5,79414269,0,0,1,0,0,0,0,0,0,0,1,0,0,0,0,0,1,0,1,0,0,0,0
2016,"Turkmenistan",328,82,246,0,12,0,4,0,5231422,0,0,0,0,0,0,0,0,0,0,0,0,0,0,0,0,0,0,0,0,0,0,0
2016,"Ukraine",6278,2182,4045,51,54,1,25,5,44429471,0,0,0,0,0,1,0,0,0,1,0,0,0,0,0,0,0,1,0,0,0,0,0
2016,"United Arab Emirates",802,386,334,82,31,2,9,0,5779760,0,0,0,0,0,0,0,0,0,0,0,0,0,0,0,0,0,0,1,0,0,0,0
2016,"United States",543239,160415,309748,73076,22500,1235,1800,1000,321368864,0,0,0,0,1,0,0,0,0,0,0,0,1,1,1,1,0,0,0,0,0,0,0
2017,"Andorra",52,17,24,11,0,0,1,0,85660,0,0,0,0,0,0,0,0,0,0,0,0,0,0,0,0,0,0,0,0,0,0,0
2017,"Argentina",1023,600,133,290,24,6,4,1,43886748,0,0,0,0,0,0,0,0,0,0,0,0,0,0,0,0,0,0,0,0,0,0,0
2017,"Armenia",297,94,203,0,8,0,2,2,3051250,0,0,0,0,0,0,0,0,0,0,0,0,0,0,0,0,0,0,0,0,0,0,0
2017,"Australia",4111,2596,1069,446,295,25,19,0,22992654,1,1,0,0,0,0,1,0,1,0,0,0,0,0,0,0,1,0,0,0,0,0,0
2017,"Austria",9483,4193,4458,832,259,13,40,35,8711770,0,0,0,0,0,1,0,1,1,1,0,0,0,0,0,0,0,1,0,0,0,0,0
2017,"Belarus",5180,1607,3567,6,142,3,38,3,9570376,0,0,0,0,1,1,0,0,0,0,0,0,0,1,0,0,0,0,0,0,0,0,0
2017,"Belgium",2316,963,1171,182,124,7,16,0,11409077,1,1,0,0,0,0,1,0,0,0,0,0,0,0,0,0,1,0,0,0,0,0,0
2017,"Bosnia & Herzegovina",187,39,112,36,6,0,1,3,3861912,0,0,0,0,0,0,0,0,0,0,0,0,0,0,0,0,0,0,0,0,0,0,0
2017,"Brazil",330,259,52,19,10,0,7,0,205823665,0,0,0,0,0,0,0,0,0,0,0,0,0,0,0,0,0,0,0,0,0,0,0
2017,"Bulgaria",912,163,698,51,16,2,6,2,7144653,0,0,1,0,0,0,0,0,0,0,1,0,0,0,0,0,1,0,1,0,0,0,0
2017,"Canada",631295,102207,442163,86925,29907,2326,3300,5000,35362905,0,0,0,0,1,0,0,0,0,0,0,0,1,1,1,1,0,0,0,0,0,0,0
2017,"Chile",493,128,242,123,0,0,2,0,17650114,0,0,0,0,0,0,0,0,0,0,0,0,0,0,0,0,0,0,0,0,0,0,0
2017,"China",1101,222,585,294,61,34,154,206,1373541278,1,0,1,0,0,0,0,1,1,0,1,0,0,0,0,0,0,0,0,0,0,0,0
2017,"Chinese Taipei",1015,88,811,116,28,5,4,0,23464787,0,0,1,0,0,0,0,0,0,0,1,0,0,0,0,0,1,0,1,0,0,0,0
2017,"Croatia",543,115,360,68,11,0,3,3,4313707,0,1,0,0,0,0,1,0,0,0,0,0,0,0,0,0,0,1,0,0,0,0,0
2017,"Czech Republic",113425,82465,26999,3961,4705,236,198,8,10644842,0,0,0,0,1,0,0,0,0,0,0,0,1,1,1,1,0,0,0,0,0,0,0
2017,"Denmark",4647,1694,2449,504,107,3,26,0,5593785,0,0,0,0,1,0,0,1,1,1,0,0,1,0,0,0,0,0,0,0,0,0,0
2017,"DPR Korea",2320,170,1230,920,32,6,3,13,25115311,1,0,0,0,0,0,0,0,0,0,0,0,0,0,0,0,1,0,0,0,0,0,0
2017,"Estonia",1502,843,605,54,74,2,12,10,1258545,0,1,0,0,0,0,1,0,0,0,0,0,0,0,0,0,0,1,0,0,0,0,0
2017,"Finland",76387,30644,39216,6527,1759,79,268,38,5498211,0,0,0,0,1,0,0,0,0,0,0,0,1,1,1,1,0,0,0,0,0,0,0
2017,"France",21682,8623,10651,2408,100,7,117,8,66836154,0,0,0,0,1,1,0,1,1,1,0,0,0,0,0,0,0,0,0,0,0,0,0
2017,"FYR Macedonia",119,45,59,15,4,0,1,6,2100025,0,0,0,0,0,0,0,0,0,0,0,0,0,0,0,0,0,0,0,0,0,0,0
2017,"Georgia",536,81,407,48,4,0,4,1,4928052,0,0,0,0,0,0,0,0,0,0,0,0,0,0,0,0,0,0,1,0,0,0,0
2017,"Germany",20646,5381,13114,2151,274,42,216,45,80722792,0,0,0,0,1,1,0,0,1,1,0,0,0,0,1,0,0,0,0,0,0,0,0
2017,"Great Britain",10325,5930,3857,538,286,29,58,0,64430428,0,0,0,0,0,1,1,0,1,0,0,0,0,0,0,0,1,1,0,0,0,0,0
2017,"Greece",185,80,90,15,3,0,3,0,10773253,0,0,0,0,0,0,0,0,0,0,0,0,0,0,0,0,0,0,0,0,0,0,0
2017,"Hong Kong",1785,530,1006,249,33,1,5,0,7167403,0,0,1,0,0,0,0,0,0,0,0,0,0,0,0,0,1,0,1,0,0,0,0
2017,"Hungary",5291,627,4054,610,110,8,41,16,9874784,0,0,0,0,0,1,0,1,1,1,0,0,0,0,0,0,0,1,0,0,0,0,0
2017,"Iceland",566,64,395,107,15,2,3,0,335878,1,0,0,0,0,0,1,0,0,0,1,0,0,0,0,0,1,0,0,0,0,0,0
2017,"India",1293,617,365,311,10,2,5,13,1266883598,0,0,0,0,0,0,0,0,0,0,0,0,0,0,0,0,0,0,0,0,0,0,0
2017,"Indonesia",104,50,50,4,8,1,3,0,258316051,0,0,0,0,0,0,0,0,0,0,0,0,0,0,0,0,0,0,0,0,0,0,0
2017,"Ireland",284,114,113,57,5,2,0,0,4952473,0,0,0,0,0,0,0,0,0,0,0,0,0,0,0,0,0,0,0,0,0,0,0
2017,"Israel",901,345,513,43,29,0,4,0,8174527,1,0,1,0,0,0,0,0,0,0,1,0,0,0,0,0,0,0,0,0,0,0,0
2017,"Italy",5726,1343,3951,432,120,6,58,12,62007540,0,0,0,0,1,1,0,1,1,1,0,0,0,0,0,0,0,0,0,0,0,0,0
2017,"Jamaica",28,2,26,0,0,0,0,0,2970340,0,0,0,0,0,0,0,0,0,0,0,0,0,0,0,0,0,0,0,0,0,0,0
2017,"Japan",18995,7870,8538,2587,785,74,117,50,126702133,0,1,0,0,0,0,0,1,0,1,0,0,0,0,0,1,0,1,0,0,0,0,0
2017,"Kazakhstan",6202,424,5583,195,47,3,38,327,18360353,0,0,0,0,0,1,0,1,1,1,0,0,0,0,0,0,0,1,0,0,0,0,0
2017,"Korea",2675,171,2185,319,53,6,30,0,50924172,0,1,0,0,0,0,1,0,0,0,0,0,0,0,0,0,1,1,0,0,0,0,0
2017,"Kuwait",443,94,103,246,3,1,1,1,2832776,0,0,0,0,0,0,0,0,0,0,0,0,0,0,0,0,0,0,0,0,0,0,0
2017,"Kyrgyzstan",915,220,665,30,6,0,3,14,5727553,0,0,0,0,0,0,0,0,0,0,0,0,0,0,0,0,0,0,0,0,0,0,0
2017,"Latvia",7145,5132,1921,92,137,20,16,2,1965686,0,0,0,0,1,0,0,1,0,0,0,0,1,1,0,0,0,0,0,0,0,0,0
2017,"Liechtenstein",40,22,18,0,0,0,0,0,37937,0,0,0,0,0,0,0,0,0,0,0,0,0,0,0,0,0,0,0,0,0,0,0
2017,"Lithuania",1620,570,995,55,35,1,8,4,2854235,0,1,0,0,0,0,1,0,0,0,0,0,0,0,0,0,0,1,0,0,0,0,0
2017,"Luxembourg",378,135,228,15,24,4,3,0,582291,0,0,0,0,0,0,0,0,0,0,0,0,0,0,0,0,0,0,1,0,0,0,0
2017,"Macau",86,32,42,12,6,2,1,0,597425,0,0,0,0,0,0,0,0,0,0,0,0,0,0,0,0,0,0,0,0,0,0,0
2017,"Malaysia",367,122,170,75,17,2,2,0,30949962,0,0,0,0,0,0,0,0,0,0,0,0,0,0,0,0,0,0,0,0,0,0,0
2017,"Mexico",2577,885,1400,292,24,4,22,0,123166749,1,1,1,0,0,0,0,0,1,0,0,0,0,0,0,0,1,0,0,0,0,0,0
2017,"Mongolia",730,280,446,4,8,0,2,19,3031330,0,0,0,0,0,0,0,0,0,0,0,0,0,0,0,0,0,0,0,0,0,0,0
2017,"Morocco",225,129,74,22,3,0,2,0,33655786,0,0,0,0,0,0,0,0,0,0,0,0,0,0,0,0,0,0,0,0,0,0,0
2017,"Netherlands",2970,1518,1173,279,68,9,19,0,17016967,0,1,0,0,0,0,1,0,0,0,0,0,0,0,0,0,1,1,0,0,0,0,0
2017,"New Zealand",1405,550,692,163,28,7,6,5,4474549,1,0,1,0,0,0,0,0,0,0,1,0,0,0,0,0,1,0,0,0,0,0,0
2017,"Norway",9073,2397,5740,936,259,15,47,1,5265158,0,0,0,0,1,1,0,1,1,1,0,0,0,0,0,0,0,0,0,0,0,0,0
2017,"Oman",73,38,35,0,2,0,2,0,3355262,0,0,0,0,0,0,0,0,0,0,0,0,0,0,0,0,0,0,0,0,0,0,0
2017,"Philippines",131,41,57,33,11,0,4,0,102624209,0,0,0,0,0,0,0,0,0,0,0,0,0,0,0,0,0,0,0,0,0,0,0
2017,"Poland",3633,1020,2263,350,155,5,42,15,38523261,0,0,0,0,0,1,0,1,1,1,0,0,0,0,0,0,0,1,0,0,0,0,0
2017,"Qatar",106,10,91,5,4,0,3,0,2258283,0,0,0,0,0,0,0,0,0,0,0,0,0,0,0,0,0,0,0,0,0,0,0
2017,"Romania",1282,220,953,109,24,0,6,3,21599736,1,1,0,0,0,0,1,0,1,0,0,0,0,0,0,0,1,0,0,0,0,0,0
2017,"Russia",105059,14241,88442,2376,1294,50,560,2583,142355415,0,0,0,0,1,0,0,0,0,0,0,0,1,1,1,1,0,0,0,0,0,0,0
2017,"Serbia",785,179,543,63,26,2,3,1,7143921,1,1,0,0,0,0,1,0,0,0,0,0,0,0,0,0,0,0,0,0,0,0,0
2017,"Singapore",533,333,149,51,20,4,2,0,5781728,0,0,0,0,0,0,0,0,0,0,0,0,0,0,0,0,0,0,0,0,0,0,0
2017,"Slovakia",11502,2317,8554,631,251,10,61,17,5445802,0,0,0,0,1,0,0,1,1,0,0,0,1,1,0,0,0,0,0,0,0,0,0
2017,"Slovenia",1024,136,822,66,45,3,7,0,1978029,0,0,0,0,1,1,0,0,0,1,0,0,0,0,0,0,1,0,0,0,0,0,0
2017,"South Africa",766,260,363,143,48,6,7,0,54300704,0,0,1,0,0,0,0,0,0,0,1,0,0,0,0,0,1,0,1,0,0,0,0
2017,"Spain",1054,230,612,212,25,3,10,0,48563476,1,1,0,0,0,0,1,0,1,0,0,0,0,0,0,0,1,0,0,0,0,0,0
2017,"Sweden",63901,16315,42081,5505,5321,117,356,136,9880604,0,0,0,0,1,0,0,0,0,0,0,0,1,1,1,1,0,0,0,0,0,0,0
2017,"Switzerland",26840,11109,14382,1349,1031,46,111,193,8179294,0,0,0,0,1,0,0,0,0,0,0,0,1,1,1,1,0,0,0,0,0,0,0
2017,"Thailand",359,116,207,36,5,0,13,0,68200824,0,0,0,0,0,0,0,0,0,0,0,0,0,0,0,0,0,0,0,0,0,0,0
2017,"Turkey",1041,171,570,300,75,37,25,2,80274604,1,0,1,0,0,0,0,0,0,0,1,0,0,0,0,0,1,0,0,0,0,0,0
2017,"Turkmenistan",328,82,246,0,12,0,4,0,5291317,0,0,0,0,0,0,0,0,0,0,0,0,0,0,0,0,0,0,0,0,0,0,0
2017,"Ukraine",5860,1921,3817,122,57,0,25,3,44209733,0,0,0,0,0,1,0,0,0,1,0,0,0,0,0,0,0,1,0,0,0,0,0
2017,"United Arab Emirates",802,374,346,82,31,2,4,0,5927482,0,0,0,0,0,0,0,0,0,0,0,0,0,0,0,0,0,0,1,0,0,0,0
2017,"United States",555935,158100,322003,75832,23371,1399,1535,1000,323995528,0,0,0,0,1,0,0,0,0,0,0,0,1,1,1,1,0,0,0,0,0,0,0
2018,"Andorra",50,26,4,20,0,0,1,0,85702,0,0,0,0,0,0,0,0,0,0,0,0,0,0,0,0,0,0,0,0,0,0,0
2018,"Argentina",1060,630,140,290,30,4,4,1,44293293,0,0,0,0,0,0,0,0,0,0,0,0,0,0,0,0,0,0,0,0,0,0,0
2018,"Armenia",289,110,179,0,8,0,3,2,3045191,0,0,0,0,0,0,0,0,0,0,0,0,0,0,0,0,0,0,0,0,0,0,0
2018,"Australia",4465,2724,1178,563,379,38,20,0,23232413,1,0,0,0,0,0,1,0,1,0,1,0,0,0,0,0,1,0,0,0,0,0,0
2018,"Austria",8634,3193,4585,856,259,13,40,35,8754413,0,0,0,0,1,1,0,1,1,1,0,0,0,0,0,0,0,0,0,0,0,0,0
2018,"Belarus",5370,1662,3702,6,147,3,38,3,9549747,0,0,0,0,1,0,0,0,0,0,0,0,1,1,0,0,0,0,0,0,0,0,0
2018,"Belgium",2421,1029,1187,205,139,8,16,0,11491346,1,1,1,0,0,0,0,0,0,0,0,0,0,0,0,0,1,0,0,0,0,0,0
2018,"Bosnia & Herzegovina",187,39,112,36,6,0,1,3,3856181,0,0,0,0,0,0,0,0,0,0,0,0,0,0,0,0,0,0,1,0,0,0,0
2018,"Brazil",330,259,52,19,10,0,7,0,207353391,0,0,0,0,0,0,0,0,0,0,0,0,0,0,0,0,0,0,0,0,0,0,0
2018,"Bulgaria",929,179,701,49,18,3,6,3,7101510,0,0,1,0,0,0,0,0,0,0,1,0,0,0,0,0,1,0,1,0,0,0,0
2018,"Canada",637000,107750,440750,88500,29050,2365,3300,5000,35623680,0,0,0,0,1,0,0,0,0,0,0,0,1,1,0,1,0,0,0,0,1,1,0
2018,"Chile",493,128,242,123,0,0,2,0,17789267,0,0,0,0,0,0,0,0,0,0,0,0,0,0,0,0,0,0,0,0,0,0,0
2018,"China",2764,252,2273,239,61,31,213,197,1379302771,1,0,0,0,0,0,1,1,1,0,1,0,0,0,0,0,0,0,0,0,0,0,0
2018,"Chinese Taipei",1015,88,811,116,28,5,4,0,23508428,0,0,1,0,0,0,0,0,0,0,1,0,0,0,0,0,1,0,1,0,0,0,0
2018,"Croatia",600,146,385,69,11,0,4,2,4292095,0,1,0,0,0,0,1,0,0,0,0,0,0,0,0,0,1,1,0,0,0,0,0
2018,"Czech Republic",120920,88522,28963,3435,2139,90,200,8,10674723,0,0,0,0,1,0,0,0,0,0,0,0,1,1,0,1,0,0,0,0,1,0,0
2018,"Denmark",4905,1877,2450,578,114,4,26,0,5605948,0,0,0,0,1,0,0,1,1,1,0,0,1,0,0,0,0,0,0,0,0,0,0
2018,"DPR Korea",2300,200,1200,900,30,6,3,10,25248140,1,0,0,0,0,0,0,0,0,0,0,0,0,0,0,0,1,0,0,0,0,1,0
2018,"Estonia",1043,116,849,78,69,2,12,10,1251581,0,1,0,0,0,0,1,0,0,0,0,0,0,0,0,0,0,1,0,0,0,0,0
2018,"Finland",73374,27721,39795,5858,1685,222,268,55,5518371,0,0,0,0,1,0,0,0,0,0,0,0,1,1,0,1,0,0,0,0,1,1,0
2018,"France",21667,8818,10418,2431,84,7,117,9,67106161,0,0,0,0,1,1,0,1,1,0,0,0,0,1,0,0,0,0,0,0,0,0,0
2018,"FYR Macedonia",119,45,59,15,4,0,1,6,2103721,0,0,0,0,0,0,0,0,0,0,0,0,0,0,0,0,0,0,0,0,0,0,0
2018,"Georgia",649,117,481,51,4,0,4,1,4926330,0,0,0,0,0,0,0,0,0,0,0,0,0,0,0,0,0,0,1,0,0,0,0
2018,"Germany",20938,5179,13531,2228,284,45,216,45,80594017,0,0,0,0,1,1,0,0,0,1,0,0,0,0,0,1,0,0,0,0,1,0,0
2018,"Great Britain",8162,3522,3751,889,256,28,68,0,64769452,0,1,0,0,0,0,1,0,1,0,0,0,0,0,0,0,1,1,0,0,0,0,0
2018,"Greece",200,80,100,20,3,0,3,0,10768477,0,0,0,0,0,0,0,0,0,0,0,0,0,0,0,0,0,0,0,0,0,0,0
2018,"Hong Kong",1524,215,1165,144,37,10,5,0,7191503,0,0,1,0,0,0,0,0,0,0,0,0,0,0,0,0,1,0,1,0,0,0,0
2018,"Hungary",5889,652,4513,724,143,7,41,18,9850845,0,0,0,0,0,1,0,1,1,1,0,0,0,0,0,0,0,1,0,0,0,0,0
2018,"Iceland",566,64,395,107,15,2,3,0,339747,1,0,0,0,0,0,1,0,0,0,1,0,0,0,0,0,1,0,0,0,0,0,0
2018,"India",1293,617,365,311,10,2,5,13,1281935911,0,0,0,0,0,0,0,0,0,0,0,0,0,0,0,0,0,0,0,0,0,0,0
2018,"Indonesia",141,44,79,18,4,1,4,0,260580739,0,0,0,0,0,0,0,0,0,0,0,0,0,0,0,0,0,0,0,0,0,0,0
2018,"Ireland",326,124,152,50,4,1,0,0,5011102,0,0,0,0,0,0,0,0,0,0,0,0,0,0,0,0,0,0,0,0,0,0,0
2018,"Israel",1838,759,1035,44,31,2,3,0,8299706,1,0,1,0,0,0,0,0,0,0,1,0,0,0,0,0,0,0,0,0,0,0,0
2018,"Italy",5358,1167,3762,429,138,4,58,12,62137802,0,0,0,0,0,1,0,1,1,1,0,0,0,0,0,0,0,1,0,0,0,0,0
2018,"Jamaica",20,0,20,0,0,0,0,0,2990561,0,0,0,0,0,0,0,0,0,0,0,0,0,0,0,0,0,0,0,0,0,0,0
2018,"Japan",18765,7709,9144,1912,792,68,117,50,126451398,0,1,0,0,0,0,0,0,1,1,0,0,0,0,0,0,0,1,0,0,0,1,0
2018,"Kazakhstan",6478,439,5868,171,57,3,39,334,18556698,0,0,0,0,0,1,0,1,1,1,0,0,0,0,0,0,0,1,0,0,0,0,0
2018,"Korea",3052,269,2418,365,53,6,30,0,51181299,0,1,0,0,1,0,1,1,0,0,0,0,0,0,0,0,0,0,0,0,1,1,0
2018,"Kuwait",530,150,177,203,4,1,3,0,2875422,0,0,0,0,0,0,0,0,0,0,0,0,0,0,0,0,0,0,1,0,0,0,0
2018,"Kyrgyzstan",915,220,665,30,6,0,3,14,5789122,0,0,0,0,0,0,0,0,0,0,0,0,0,0,0,0,0,0,0,0,0,0,0
2018,"Latvia",7000,5119,1807,74,137,20,16,3,1944643,0,0,0,0,1,1,0,1,0,1,0,0,0,0,0,0,0,0,0,0,0,0,0
2018,"Liechtenstein",45,30,15,0,0,0,0,0,38244,0,0,0,0,0,0,0,0,0,0,0,0,0,0,0,0,0,0,0,0,0,0,0
2018,"Lithuania",2466,1360,1016,90,25,2,6,3,2823859,0,0,0,0,0,1,1,0,0,0,0,0,0,0,0,0,0,1,0,0,0,0,0
2018,"Luxembourg",432,154,262,16,24,4,3,0,594130,1,0,0,0,0,0,0,0,0,0,0,0,0,0,0,0,0,0,0,0,0,0,0
2018,"Macau",86,32,42,12,6,2,1,0,601969,0,0,0,0,0,0,0,0,0,0,0,0,0,0,0,0,0,0,0,0,0,0,0
2018,"Malaysia",367,122,170,75,17,2,2,0,31381992,0,0,0,0,0,0,0,0,0,0,0,0,0,0,0,0,0,0,0,0,0,0,0
2018,"Mexico",1552,456,934,162,3,16,18,0,124574795,1,1,1,0,0,0,0,0,1,0,0,0,0,0,0,0,1,0,0,0,0,0,0
2018,"Mongolia",730,280,446,4,8,0,2,19,3068243,0,0,0,0,0,0,0,0,0,0,0,0,0,0,0,0,0,0,0,0,0,0,0
2018,"Morocco",225,129,74,22,3,0,2,0,33986655,0,0,0,0,0,0,0,0,0,0,0,0,0,0,0,0,0,0,0,0,0,0,0
2018,"Netherlands",4232,1098,2611,523,144,8,19,0,17084719,1,1,0,0,0,0,1,0,1,0,0,0,0,0,0,0,1,0,0,0,0,0,0
2018,"Nepal",7,0,7,6,0,0,1,0,29384297,0,0,0,0,0,0,0,0,0,0,0,0,0,0,0,0,0,0,0,0,0,0,0
2018,"New Zealand",1330,560,600,170,28,6,6,5,4510327,1,0,1,0,0,0,0,0,0,0,1,0,0,0,0,0,1,0,0,0,0,0,0
2018,"Norway",9572,2318,6105,1149,290,14,49,3,5320045,0,0,0,0,1,1,0,1,1,1,0,0,0,0,0,0,0,0,0,0,1,0,0
2018,"Oman",73,38,35,0,2,0,2,0,3424386,0,0,0,0,0,0,0,0,0,0,0,0,0,0,0,0,0,0,0,0,0,0,0
2018,"Philippines",131,41,57,33,11,0,4,0,104256076,0,0,0,0,0,0,0,0,0,0,0,0,0,0,0,0,0,0,0,0,0,0,0
2018,"Poland",3600,1000,2300,300,150,8,20,5,38476269,0,0,0,0,0,1,1,1,1,0,0,0,0,0,0,0,0,1,0,0,0,0,0
2018,"Portugal",94,57,20,17,0,0,0,0,10839514,0,0,0,0,0,0,0,0,0,0,0,0,0,0,0,0,0,0,0,0,0,0,0
2018,"Qatar",106,10,91,5,4,0,3,0,2314307,0,0,0,0,0,0,0,0,0,0,0,0,0,0,0,0,0,0,0,0,0,0,0
2018,"Romania",1562,306,1102,154,24,2,8,2,21529967,0,1,0,0,0,0,0,0,0,1,0,0,0,0,0,0,1,1,0,0,0,0,0
2018,"Russia",110624,16488,91486,2650,1118,74,584,2665,142257519,0,0,0,0,1,0,0,0,0,0,0,0,1,1,0,1,0,0,0,0,1,1,0
2018,"Serbia",646,152,427,67,31,3,3,1,7111024,1,1,0,0,0,0,1,0,0,0,0,0,0,0,0,0,0,0,0,0,0,0,0
2018,"Singapore",533,333,149,51,20,4,2,0,5888926,0,0,0,0,0,0,0,0,0,0,0,0,0,0,0,0,0,0,0,0,0,0,0
2018,"Slovakia",10727,2196,7979,552,168,10,62,17,5445829,0,0,0,0,1,0,0,1,1,0,0,0,1,1,0,0,0,0,0,0,1,0,0
2018,"Slovenia",1114,158,889,67,45,3,7,0,1972126,0,0,0,0,0,1,0,0,0,1,0,0,0,0,0,0,1,1,0,0,1,0,0
2018,"South Africa",766,260,363,143,48,6,7,0,54841552,0,0,1,0,0,0,0,0,0,0,1,0,0,0,0,0,1,0,1,0,0,0,0
2018,"Spain",1080,152,685,243,26,3,11,0,48958159,1,1,0,0,0,0,1,0,1,0,0,0,0,0,0,0,1,0,0,0,0,0,0
2018,"Sweden",62701,14042,43318,5341,6359,129,362,136,9960487,0,0,0,0,1,0,0,0,0,0,0,0,1,1,0,1,0,0,0,0,1,1,0
2018,"Switzerland",27528,11202,14619,1707,1141,54,46,111,8236303,0,0,0,0,1,0,0,0,0,0,0,0,1,1,0,1,0,0,0,0,1,1,0
2018,"Thailand",359,116,207,36,5,0,13,0,68414135,0,0,0,0,0,0,0,0,0,0,0,0,0,0,0,0,0,0,0,0,0,0,0
2018,"Turkey",1196,208,680,308,77,57,30,2,80845215,0,1,1,0,0,0,0,0,1,0,0,0,0,0,0,0,1,0,1,0,0,0,0
2018,"Turkmenistan",354,80,273,1,6,0,4,0,5351277,0,0,0,0,0,0,0,0,0,0,0,0,0,0,0,0,0,0,1,0,0,0,0
2018,"Ukraine",5895,1871,3843,181,56,0,25,2,44033874,0,0,0,0,0,1,0,0,0,1,0,0,0,0,0,0,0,1,0,0,0,0,0
2018,"United Arab Emirates",563,215,270,78,15,2,5,0,6072475,0,0,0,0,0,0,0,0,0,0,0,0,0,0,0,0,0,0,1,0,0,0,0
2018,"United States",562145,155387,327403,79355,23880,1451,1535,500,326625791,0,0,0,0,1,0,0,0,0,0,0,0,1,1,0,1,0,0,0,0,1,1,0
2019,"Andorra",56,24,5,27,0,0,1,0,85708,0,0,0,0,0,0,0,0,0,0,0,0,0,0,0,0,0,0,0,0,0,0,0
2019,"Argentina",980,610,130,240,25,6,3,1,44694198,0,0,0,0,0,0,0,0,0,0,0,0,0,0,0,0,0,0,0,0,0,0,0
2019,"Armenia",289,110,179,0,8,0,3,2,3038217,0,0,0,0,0,0,0,0,0,0,0,0,0,0,0,0,0,0,0,0,0,0,0
2019,"Australia",4716,3052,962,702,281,27,22,0,23470145,1,0,0,0,0,0,1,0,1,0,1,0,0,0,0,0,1,0,0,0,0,0,0
2019,"Austria",7670,3294,3797,579,270,12,42,35,8793370,0,0,0,0,1,1,0,1,1,1,0,0,0,0,0,0,0,0,0,0,0,0,0
2019,"Belarus",4580,401,4172,7,157,3,39,2,9527543,0,0,0,0,0,1,0,0,0,0,0,0,0,1,0,0,0,1,0,0,0,0,0
2019,"Belgium",1785,936,698,151,129,11,15,0,11570762,1,1,0,0,0,0,1,0,0,0,0,0,0,0,0,0,1,0,0,0,0,0,0
2019,"Bosnia & Herzegovina",187,39,112,36,6,0,1,3,3849891,0,0,0,0,0,0,0,0,0,0,0,0,0,0,0,0,0,0,1,0,0,0,0
2019,"Brazil",21,20,1,0,0,0,0,0,208846892,0,0,0,0,0,0,0,0,0,0,0,0,0,0,0,0,0,0,0,0,0,0,0
2019,"Bulgaria",910,169,692,49,18,4,6,3,7057504,0,0,1,0,0,0,0,0,0,0,1,0,0,0,0,0,1,0,1,0,0,0,0
2019,"Canada",621026,104569,427725,88732,28333,2308,3300,5000,37640655,0,0,0,0,1,0,0,0,0,0,0,0,1,1,1,1,0,0,0,0,0,0,0
2019,"Chile",250,120,80,50,0,0,7,1,17925262,0,0,0,0,0,0,0,0,0,0,0,0,0,0,0,0,0,0,0,0,0,0,0
2019,"China",8384,482,7094,808,178,71,213,197,1384688986,1,0,0,0,0,0,1,1,1,0,1,0,0,0,0,0,0,0,0,0,0,0,0
2019,"Chinese Taipei",781,135,529,117,44,5,3,0,23545963,0,0,1,0,0,0,0,0,1,0,1,0,0,0,0,0,1,0,1,0,0,0,0
2019,"Croatia",597,147,388,62,13,0,3,2,4270480,1,1,0,0,0,0,1,0,0,0,0,0,0,0,0,0,1,0,0,0,0,0,0
2019,"Czech Republic",121613,90610,27263,3740,2160,97,200,8,10686269,0,0,0,0,1,0,0,0,0,0,0,0,1,1,1,1,0,0,0,0,0,0,0
2019,"Denmark",5147,2527,1918,702,122,5,27,0,5809502,0,0,0,0,1,0,0,1,1,1,0,0,1,0,0,0,0,0,0,0,0,0,0
2019,"DPR Korea",2400,200,1200,1000,45,2,3,13,25381085,1,0,0,0,0,0,0,0,0,0,0,0,0,0,0,0,1,0,0,0,0,0,0
2019,"Estonia",1077,124,862,91,43,1,11,10,1244288,0,1,0,0,0,0,1,0,0,0,0,0,0,0,0,0,0,1,0,0,0,0,0
2019,"Finland",64641,29276,30931,4434,1731,60,274,53,5537364,0,0,0,0,1,0,0,0,0,0,0,0,1,1,1,1,0,0,0,0,0,0,0
2019,"France",21667,8818,10418,2431,84,7,117,9,67364357,0,0,0,0,1,1,0,0,1,1,0,0,0,0,1,0,0,0,0,0,0,0,0
2019,"Georgia",625,147,431,47,4,0,4,1,4926087,1,0,0,0,0,0,0,0,0,0,0,0,0,0,0,0,0,0,0,0,0,0,0
2019,"Germany",21340,5226,13783,2331,289,47,218,45,80457737,0,0,0,0,1,1,0,0,1,1,0,0,0,0,1,0,0,0,0,0,0,0,0
2019,"Great Britain",8162,3522,3751,889,256,28,68,0,65105246,0,1,0,0,1,0,0,0,1,1,0,0,0,0,0,0,1,0,0,0,0,0,0
2019,"Greece",165,70,70,25,3,0,3,0,10761523,0,0,0,0,0,0,0,0,0,0,0,0,0,0,0,0,0,0,0,0,0,0,0
2019,"Hong Kong",320,110,160,50,15,6,4,0,7213338,0,0,1,0,0,0,0,0,0,0,0,0,0,0,0,0,1,0,1,0,0,0,0
2019,"Hungary",7106,1182,4981,943,167,13,46,12,9772756,0,0,0,0,0,1,0,1,1,1,0,0,0,0,0,0,0,1,0,0,0,0,0
2019,"Iceland",624,144,320,160,8,3,3,0,343518,1,0,1,0,0,0,0,0,0,0,1,0,0,0,0,0,1,0,0,0,0,0,0
2019,"India",1502,723,415,364,11,3,2,16,1296834042,0,0,0,0,0,0,0,0,0,0,0,0,0,0,0,0,0,0,0,0,0,0,0
2019,"Indonesia",148,45,85,18,4,1,4,0,262787403,0,0,0,0,0,0,0,0,0,0,0,0,0,0,0,0,0,0,0,0,0,0,0
2019,"Ireland",360,140,170,50,3,1,0,0,5068050,0,0,0,0,0,0,0,0,0,0,0,0,0,0,0,0,0,0,0,0,0,0,0
2019,"Israel",570,268,285,17,26,4,2,0,8424904,1,1,1,0,0,0,0,0,0,0,0,0,0,0,0,0,0,0,0,0,0,0,0
2019,"Italy",5210,1146,3654,410,137,4,58,12,62246674,0,0,0,0,1,1,0,1,1,1,0,0,0,0,0,0,0,0,0,0,0,0,0
2019,"Jamaica",20,0,20,0,0,0,0,0,2812090,0,0,0,0,0,0,0,0,0,0,0,0,0,0,0,0,0,0,0,0,0,0,0
2019,"Japan",18837,12021,5344,1472,792,64,117,50,126168156,0,0,0,0,0,1,0,0,0,1,0,0,0,0,1,1,0,1,0,0,0,0,0
2019,"Kazakhstan",6915,355,6395,165,65,7,24,215,18744548,0,0,0,0,0,0,0,1,1,1,0,0,1,0,0,0,0,1,0,0,0,0,0
2019,"Korea",3260,224,2608,428,64,4,30,0,51418097,0,1,0,0,0,0,1,1,1,0,0,0,0,0,0,0,0,1,0,0,0,0,0
2019,"Kuwait",530,150,177,203,4,1,3,0,2916467,0,0,0,0,0,0,0,0,0,0,0,0,0,0,0,0,0,0,1,0,0,0,0
2019,"Kyrgyzstan",1530,1200,300,30,5,0,3,8,5849296,0,0,0,0,0,0,0,0,0,0,0,0,0,0,0,0,0,0,1,0,0,0,0
2019,"Latvia",7000,5119,1807,74,137,20,16,3,1923559,0,0,0,0,1,1,0,1,0,0,0,0,0,1,0,0,0,0,0,0,0,0,0
2019,"Liechtenstein",24,18,5,1,0,0,0,0,38547,0,0,0,0,0,0,0,0,0,0,0,0,0,0,0,0,0,0,0,0,0,0,0
2019,"Lithuania",2466,1360,1016,90,25,2,6,3,2793284,0,1,0,0,0,0,1,0,0,0,0,0,0,0,0,0,0,1,0,0,0,0,0
2019,"Luxembourg",464,160,280,24,12,0,3,0,605764,0,0,1,0,0,0,0,0,0,0,0,0,0,0,0,0,0,0,1,0,0,0,0
2019,"Macau",121,40,71,10,8,2,1,0,606340,0,0,0,0,0,0,0,0,0,0,0,0,0,0,0,0,0,0,0,0,0,0,0
2019,"Malaysia",260,100,80,80,12,2,2,0,31809660,0,0,0,0,0,0,0,0,0,0,0,0,0,0,0,0,0,0,0,0,0,0,0
2019,"Mexico",2141,703,1234,204,23,3,22,0,125959205,1,1,1,0,0,0,0,0,1,0,0,0,0,0,0,0,1,0,0,0,0,0,0
2019,"Mongolia",730,280,446,4,8,0,2,19,3103428,0,0,0,0,0,0,0,0,0,0,0,0,0,0,0,0,0,0,0,0,0,0,0
2019,"Morocco",225,129,74,22,3,0,2,0,34314130,0,0,0,0,0,0,0,0,0,0,0,0,0,0,0,0,0,0,0,0,0,0,0
2019,"Nepal",26,0,14,12,1,1,1,0,29717587,0,0,0,0,0,0,0,0,0,0,0,0,0,0,0,0,0,0,0,0,0,0,0
2019,"Netherlands",4232,1098,2611,523,144,8,19,0,17151228,0,1,0,0,0,0,1,1,1,0,0,0,0,0,0,0,0,1,0,0,0,0,0
2019,"New Zealand",1330,560,600,170,28,6,6,5,4545627,1,0,1,0,0,0,0,0,0,0,1,0,0,0,0,0,1,0,0,0,0,0,0
2019,"North Macedonia",81,37,33,11,4,0,0,1,2118945,0,0,0,0,0,0,0,0,0,0,0,0,0,0,0,0,0,0,0,0,0,0,0
2019,"Norway",10353,2225,6802,1326,300,15,49,3,5372191,0,0,0,0,1,1,0,1,1,1,0,0,0,0,0,0,0,0,0,0,0,0,0
2019,"Oman",73,38,35,0,2,0,2,0,4613241,0,0,0,0,0,0,0,0,0,0,0,0,0,0,0,0,0,0,0,0,0,0,0
2019,"Philippines",131,41,57,33,11,0,4,0,105893381,0,0,0,0,0,0,0,0,0,0,0,0,0,0,0,0,0,0,0,0,0,0,0
2019,"Poland",3770,1050,2400,320,150,12,20,5,38420687,0,0,0,0,0,1,1,1,1,0,0,0,0,0,0,0,0,1,0,0,0,0,0
2019,"Portugal",94,57,20,17,0,0,0,0,10355493,0,0,0,0,0,0,0,0,0,0,0,0,0,0,0,0,0,0,0,0,0,0,0
2019,"Qatar",187,31,144,12,7,0,3,0,2740479,0,0,0,0,0,0,0,0,0,0,0,0,0,0,0,0,0,0,0,0,0,0,0
2019,"Romania",1964,427,1396,141,30,3,7,2,21457116,0,1,0,0,0,0,1,0,0,0,0,0,0,0,0,0,1,1,0,0,0,0,0
2019,"Russia",112236,17100,92486,2650,1495,82,612,2710,142122776,0,0,0,0,1,0,0,0,0,0,0,0,1,1,1,1,0,0,0,0,0,0,0
2019,"Serbia",606,456,73,77,32,2,3,1,7078110,1,1,0,0,0,0,1,0,0,0,0,0,0,0,0,0,0,0,0,0,0,0,0
2019,"Singapore",533,333,149,51,22,2,2,0,5872919,0,0,0,0,0,0,0,0,0,0,0,0,0,0,0,0,0,0,0,0,0,0,0
2019,"Slovakia",11394,2091,8819,484,360,14,71,28,5445040,0,0,0,0,1,0,0,1,1,0,0,0,1,1,0,0,0,0,0,0,0,0,0
2019,"Slovenia",1142,153,903,86,45,3,7,0,2102126,0,0,0,0,0,1,0,0,0,1,0,0,0,0,0,0,1,1,0,0,0,0,0
2019,"South Africa",706,220,311,175,56,16,7,1,55380210,0,0,1,0,0,0,0,0,0,0,1,0,0,0,0,0,1,0,1,0,0,0,0
2019,"Spain",1043,135,681,227,24,3,11,0,49331076,1,1,0,0,0,0,1,0,1,0,0,0,0,0,0,0,1,0,0,0,0,0,0
2019,"Sweden",55431,14033,35425,5973,6444,210,360,136,10272518,0,0,0,0,1,0,0,0,0,0,0,0,1,1,1,1,0,0,0,0,0,0,0
2019,"Switzerland",27867,9566,16377,1924,1146,51,48,111,8292809,0,0,0,0,1,0,0,0,0,0,0,0,1,1,1,1,0,0,0,0,0,0,0
2019,"Thailand",641,240,307,94,6,1,13,0,68615858,0,0,0,0,0,0,0,0,0,0,0,0,0,0,0,0,0,0,1,0,0,0,0
2019,"Turkey",1553,350,715,488,130,70,30,2,81257239,0,0,1,0,0,0,0,0,1,0,1,0,0,0,0,0,1,0,1,0,0,0,0
2019,"Turkmenistan",307,89,218,0,6,0,5,0,5411012,0,0,0,0,0,0,0,0,0,0,0,0,0,0,0,0,0,0,1,0,0,0,0
2019,"Ukraine",5384,1812,3420,152,50,2,21,2,43952299,0,0,0,0,0,1,0,0,0,1,0,0,0,0,0,0,1,1,0,0,0,0,0
2019,"United Arab Emirates",855,305,475,75,16,4,4,0,9701315,0,0,0,0,0,0,0,0,0,0,0,0,0,0,0,0,0,0,1,0,0,0,0
2019,"United States",567908,162647,322453,82808,23855,1569,1535,500,329256465,0,0,0,0,1,0,0,0,0,0,0,0,1,1,1,1,0,0,0,0,0,0,0
2020,"Algeria",97,80,15,2,1,0,1,0,42972878,0,0,0,0,0,0,0,0,0,0,0,0,0,0,0,0,0,0,0,0,0,0,0
2020,"Andorra",89,27,32,30,0,0,1,0,77000,0,0,0,0,0,0,0,0,0,0,0,0,0,0,0,0,0,0,0,0,0,0,0
2020,"Argentina",980,610,130,240,25,6,3,1,45479118,0,0,0,0,0,0,0,0,0,0,0,0,0,0,0,0,0,0,0,0,0,0,0
2020,"Armenia",278,117,161,0,8,0,3,2,3021324,0,0,0,0,0,0,0,0,0,0,0,0,0,0,0,0,0,0,0,0,0,0,0
2020,"Australia",5137,3076,1236,825,288,25,22,0,25466459,0,0,0,0,0,0,0,0,0,0,1,0,0,0,0,0,1,0,0,0,0,0,0
2020,"Austria",7670,3294,3797,579,270,12,42,35,8859449,0,0,0,0,0,1,0,0,1,0,0,0,0,0,0,0,0,0,0,0,0,0,0
2020,"Belarus",5525,517,4970,38,165,2,41,2,9477918,0,0,0,0,0,1,0,0,0,0,0,0,0,0,0,0,0,0,0,0,0,0,0
2020,"Belgium",1760,842,777,141,154,10,14,0,11720716,0,1,0,1,0,0,0,0,0,0,0,0,0,0,0,0,0,0,0,0,0,0,0
2020,"Bosnia & Herzegovina",187,39,112,36,6,0,1,3,3835586,0,0,0,0,0,0,0,0,0,0,0,0,0,0,0,0,0,0,0,0,0,0,0
2020,"Brazil",21,20,1,0,0,0,0,0,211715973,0,0,0,0,0,0,0,0,0,0,0,0,0,0,0,0,0,0,0,0,0,0,0
2020,"Bulgaria",932,176,703,53,21,3,6,4,6966899,0,0,0,1,0,0,0,0,0,0,1,0,0,0,0,0,0,0,0,0,0,0,0
2020,"Canada",607951,76899,429173,101879,28936,2551,2860,5000,37971020,0,0,0,0,0,0,0,0,0,0,0,0,1,0,0,1,0,0,0,0,0,0,0
2020,"Chile",250,120,80,50,0,0,7,1,18186770,0,0,0,0,0,0,0,0,0,0,0,0,0,0,0,0,0,0,0,0,0,0,0
2020,"China",9506,537,8147,822,188,150,537,285,1394015977,0,1,0,0,0,0,0,0,1,0,0,0,0,0,0,0,0,0,0,0,0,0,0
2020,"Chinese Taipei",878,156,578,144,48,9,3,0,23603049,0,0,0,0,0,0,0,0,0,0,1,0,0,0,0,0,1,0,0,0,0,0,1
2020,"Croatia",110,47,38,25,8,2,0,0,49084841,0,0,0,0,0,0,0,0,0,0,0,0,0,0,0,0,0,0,0,0,0,0,0
2020,"Croatia",550,143,346,61,15,0,4,1,4227746,0,1,0,0,0,0,0,0,0,0,0,0,0,0,0,0,1,0,0,0,0,0,0
2020,"Czech Republic",129595,95163,30290,4142,2185,89,200,8,10702498,0,0,0,0,0,0,0,0,0,0,0,0,1,0,0,1,0,0,0,0,0,0,0
2020,"Denmark",5147,2527,1918,702,122,5,27,0,5869410,0,0,0,0,0,1,0,0,1,0,0,0,0,0,0,0,0,0,0,0,0,0,0
2020,"DPR Korea",2400,200,1200,1000,45,2,3,13,25643466,0,0,0,0,0,0,0,0,0,0,0,0,0,0,0,0,0,0,0,0,0,0,0
2020,"Estonia",1105,118,866,121,40,3,11,10,1228624,0,0,0,0,0,1,0,0,0,0,0,0,0,0,0,0,0,0,0,0,0,0,0
2020,"Finland",71063,27995,37162,5906,1778,69,282,62,5571665,0,0,0,0,0,0,0,0,0,0,0,0,1,0,0,1,0,0,0,0,0,0,0
2020,"France",21582,8739,10221,2622,110,6,110,9,67848156,0,0,0,0,0,1,0,0,1,0,0,0,0,0,0,0,0,0,0,0,0,0,0
2020,"Georgia",704,158,494,52,12,0,5,1,3997000,0,0,0,0,0,0,0,0,0,0,0,0,0,0,0,0,0,0,0,0,0,0,0
2020,"Germany",21336,5432,13653,2251,302,43,218,45,80159662,0,0,0,0,0,0,0,0,1,0,0,0,1,0,0,0,0,0,0,0,0,0,0
2020,"Great Britain",11148,6353,3931,864,307,27,68,0,65761117,0,1,0,0,0,0,0,0,1,0,0,0,0,0,0,0,0,0,0,0,0,0,0
2020,"Greece",290,125,153,12,0,0,3,0,10607051,0,0,0,0,0,0,0,0,0,0,0,0,0,0,0,0,0,0,0,0,0,0,0
2020,"Hong Kong",555,75,393,87,42,8,4,0,7249907,0,0,0,1,0,0,0,0,0,0,0,0,0,0,0,0,0,0,0,0,0,0,0
2020,"Hungary",7802,1330,5328,1144,182,5,49,12,9771827,0,0,0,0,0,1,0,0,1,0,0,0,0,0,0,0,0,0,0,0,0,0,0
2020,"Iceland",675,152,355,168,18,7,3,0,350734,0,0,0,0,0,0,0,0,0,0,1,0,0,0,0,0,1,0,0,0,0,0,0
2020,"India",1502,723,415,364,11,3,2,16,1326093247,0,0,0,0,0,0,0,0,0,0,0,0,0,0,0,0,0,0,0,0,0,0,0
2020,"Indonesia",135,45,75,15,5,1,5,0,267026366,0,0,0,0,0,0,0,0,0,0,0,0,0,0,0,0,0,0,0,0,0,0,0
2020,"Iran",233,100,30,103,30,20,6,0,84923314,0,0,0,0,0,0,0,0,0,0,0,0,0,0,0,0,0,0,0,0,0,0,0
2020,"Ireland",360,172,150,38,5,1,0,0,5176569,0,0,0,0,0,0,0,0,0,0,0,0,0,0,0,0,0,0,0,0,0,0,0
2020,"Israel",570,268,285,17,26,4,2,0,8675475,0,1,0,0,0,0,0,0,0,0,0,0,0,0,0,0,0,0,0,0,0,0,0
2020,"Italy",4926,1061,3489,376,111,4,58,12,62402659,0,0,0,0,0,1,0,0,1,0,0,0,0,0,0,0,0,0,0,0,0,0,0
2020,"Jamaica",20,0,20,0,0,0,0,0,2808570,0,0,0,0,0,0,0,0,0,0,0,0,0,0,0,0,0,0,0,0,0,0,0
2020,"Japan",18641,7656,9546,1439,919,81,61,1,125507472,0,1,0,0,0,0,0,0,1,0,0,0,0,0,0,0,0,0,0,0,0,0,0
2020,"Kazakhstan",7684,477,7034,173,59,3,39,127,19091949,0,0,0,0,0,0,0,0,0,0,0,0,1,0,0,0,1,0,0,0,0,0,0
2020,"Korea",3114,180,2531,403,56,5,35,2,51835110,0,1,0,0,0,0,0,0,1,0,0,0,0,0,0,0,0,0,0,0,0,0,0
2020,"Kuwait",402,115,124,163,12,8,1,0,2993706,0,0,0,0,0,0,0,0,0,0,0,0,0,0,0,0,0,0,0,0,0,0,0
2020,"Kyrgyzstan",1530,1200,300,30,5,0,3,8,5964897,0,0,0,0,0,0,0,0,0,0,0,0,0,0,0,0,0,0,0,0,0,0,0
2020,"Latvia",7460,5229,2008,223,171,26,19,3,1881232,0,0,0,0,0,1,0,0,0,0,0,0,0,0,0,0,0,0,0,0,0,0,0
2020,"Lebanon",208,90,54,64,0,0,0,0,5469612,0,0,0,0,0,0,0,0,0,0,0,0,0,0,0,0,0,0,0,0,0,0,0
2020,"Liechtenstein",41,34,7,0,1,0,0,1,39137,0,0,0,0,0,0,0,0,0,0,0,0,0,0,0,0,0,0,0,0,0,0,0
2020,"Lithuania",2550,1360,1100,90,26,1,7,2,2731464,0,1,0,1,0,0,0,0,0,0,0,0,0,0,0,0,0,0,0,0,0,0,0
2020,"Luxembourg",492,175,285,32,20,0,3,0,628381,0,0,0,0,0,0,0,0,0,0,0,0,0,0,0,0,0,0,0,0,0,0,0
2020,"Macau",111,34,58,19,8,0,1,0,614458,0,0,0,0,0,0,0,0,0,0,0,0,0,0,0,0,0,0,0,0,0,0,0
2020,"Malaysia",260,100,80,80,12,2,2,0,32652083,0,0,0,0,0,0,0,0,0,0,0,0,0,0,0,0,0,0,0,0,0,0,0
2020,"Mexico",2690,820,1600,270,24,4,18,0,128649565,0,0,0,0,0,0,0,0,0,0,1,0,0,0,0,0,0,0,0,0,0,0,1
2020,"Mongolia",730,280,446,4,8,0,2,19,3168026,0,0,0,0,0,0,0,0,0,0,0,0,0,0,0,0,0,0,0,0,0,0,0
2020,"Morocco",225,129,74,22,3,0,2,0,35561654,0,0,0,0,0,0,0,0,0,0,0,0,0,0,0,0,0,0,0,0,0,0,0
2020,"Nepal",26,0,14,12,1,1,1,0,30327877,0,0,0,0,0,0,0,0,0,0,0,0,0,0,0,0,0,0,0,0,0,0,0
2020,"Netherlands",3528,1803,1363,362,133,20,23,0,17280397,0,1,0,0,0,0,0,0,0,0,0,0,0,0,0,0,1,0,0,0,0,0,1
2020,"New Zealand",1791,1050,552,189,70,15,7,2,4925477,0,0,0,0,0,0,0,0,0,0,1,0,0,0,0,0,1,0,0,0,0,0,0
2020,"North Macedonia",81,37,33,11,4,0,0,1,2125971,0,0,0,0,0,0,0,0,0,0,0,0,0,0,0,0,0,0,0,0,0,0,0
2020,"Norway",10270,2284,6626,1360,320,18,49,3,5467439,0,0,0,0,0,1,0,0,1,0,0,0,0,0,0,0,0,0,0,0,0,0,0
2020,"Oman",73,38,35,0,2,0,2,0,4664844,0,0,0,0,0,0,0,0,0,0,0,0,0,0,0,0,0,0,0,0,0,0,0
2020,"Philippines",203,98,58,47,14,2,4,0,109180815,0,0,0,0,0,0,0,0,0,0,0,0,0,0,0,0,0,0,0,0,0,0,0
2020,"Poland",3770,1050,2400,320,200,11,25,10,38282325,0,0,0,0,0,1,0,0,1,0,0,0,0,0,0,0,0,0,0,0,0,0,0
2020,"Portugal",94,57,20,17,0,0,0,0,10302674,0,0,0,0,0,0,0,0,0,0,0,0,0,0,0,0,0,0,0,0,0,0,0
2020,"Qatar",185,29,144,12,7,0,3,0,2735707,0,0,0,0,0,0,0,0,0,0,0,0,0,0,0,0,0,0,0,0,0,0,0
2020,"Romania",2131,457,1513,161,54,0,7,1,21302893,0,1,0,1,0,0,0,0,0,0,0,0,0,0,0,0,0,0,0,0,0,0,0
2020,"Russia",100701,17824,80736,2141,1314,42,790,5944,141722205,0,0,0,0,0,0,0,0,0,0,0,0,1,0,0,1,0,0,0,0,0,0,0
2020,"Serbia",714,151,488,75,24,2,3,1,7012165,0,1,0,0,0,0,0,0,0,0,0,0,0,0,0,0,0,0,0,0,0,0,0
2020,"Singapore",528,304,166,58,16,3,2,0,6209660,0,0,0,0,0,0,0,0,0,0,0,0,0,0,0,0,0,0,0,0,0,0,0
2020,"Slovakia",10970,1670,8848,452,362,15,74,27,5440602,0,0,0,0,0,0,0,0,0,0,0,0,1,0,0,1,0,0,0,0,0,0,0
2020,"Slovenia",1254,219,953,82,42,3,7,0,2102678,0,0,0,0,0,1,0,0,0,0,0,0,0,0,0,0,0,0,0,0,0,0,0
2020,"South Africa",922,449,311,162,54,15,9,1,56463617,0,0,0,1,0,0,0,0,0,0,1,0,0,0,0,0,0,0,0,0,0,0,0
2020,"Spain",964,120,603,241,27,2,11,0,50015792,0,1,0,0,0,0,0,0,0,0,0,0,0,0,0,0,0,0,0,0,0,0,1
2020,"Sweden",73293,15502,49948,7843,6522,272,363,34,10202491,0,0,0,0,0,0,0,0,0,0,0,0,1,0,0,1,0,0,0,0,0,0,0
2020,"Switzerland",30655,9805,18839,2011,1242,48,49,111,8403994,0,0,0,0,0,0,0,0,0,0,0,0,1,0,0,1,0,0,0,0,0,0,0
2020,"Thailand",575,63,458,54,17,1,4,0,68977400,0,0,0,0,0,0,0,0,0,0,0,0,0,0,0,0,0,0,0,0,0,0,0
2020,"Turkey",1500,390,675,435,74,43,12,0,82017514,0,0,0,0,0,0,0,0,0,0,1,0,0,0,0,0,1,0,0,0,0,0,1
2020,"Turkmenistan",347,165,182,0,6,0,5,0,5528627,0,0,0,0,0,0,0,0,0,0,0,0,0,0,0,0,0,0,0,0,0,0,0
2020,"Ukraine",5340,1749,3438,153,52,0,24,3,43922939,0,0,0,0,0,1,0,0,0,0,0,0,0,0,0,0,1,0,0,0,0,0,0
2020,"United Arab Emirates",590,155,337,98,18,5,4,0,9992083,0,0,0,0,0,0,0,0,0,0,0,0,0,0,0,0,0,0,0,0,0,0,0
2020,"United States",561700,272580,205018,84102,24121,1740,1550,500,332639102,0,0,0,0,0,0,0,0,0,0,0,0,1,0,0,1,0,0,0,0,0,0,0
2020,"Uzbekistan",369,113,252,4,8,0,4,0,30565411,0,0,0,0,0,0,0,0,0,0,0,0,0,0,0,0,0,0,0,0,0,0,0
2021,"Algeria",97,80,15,2,1,0,1,0,43576691,0,0,0,0,0,0,0,0,0,0,0,0,0,0,0,0,0,0,0,0,0,0,0
2021,"Qatar",253,31,149,73,7,0,3,0,2479995,0,0,0,0,0,0,0,0,0,0,0,0,0,0,0,0,0,0,0,0,0,0,0
2021,"Andorra",89,27,32,30,0,0,1,0,85645,0,0,0,0,0,0,0,0,0,0,0,0,0,0,0,0,0,0,0,0,0,0,0
2021,"Romania",2317,487,1649,181,50,0,7,1,21230362,0,0,0,0,0,0,0,0,0,0,0,0,0,0,0,0,0,0,0,0,0,0,0
2021,"Argentina",980,610,130,240,25,6,3,1,45864941,0,0,0,0,0,0,0,0,0,0,0,0,0,0,0,0,0,0,0,0,0,0,0
2021,"Russia",112786,17972,92486,2328,1850,55,790,6012,142320790,0,0,0,0,1,0,0,0,0,0,0,0,1,1,1,0,0,0,0,0,0,0,0
2021,"Armenia",187,79,108,0,6,0,3,2,3011609,0,0,0,0,0,0,0,0,0,0,0,0,0,0,0,0,0,0,0,0,0,0,0
2021,"Serbia",754,170,501,83,24,2,3,1,6974289,0,0,0,0,0,0,0,0,0,0,0,0,0,0,0,0,0,0,0,0,0,0,0
2021,"Australia",3888,2343,952,593,229,16,21,0,25809973,0,0,0,0,0,0,0,0,0,0,0,0,0,0,0,0,0,0,0,0,0,0,0
2021,"Singapore",220,140,45,35,10,2,1,0,5866139,0,0,0,0,0,0,0,0,0,0,0,0,0,0,0,0,0,0,0,0,0,0,0
2021,"Austria",5193,2249,2455,489,265,10,47,41,8884864,0,0,0,0,0,0,0,0,0,0,0,0,1,0,0,0,0,0,0,0,0,0,0
2021,"Slovakia",10822,1590,8505,727,307,9,75,27,5436066,0,0,0,0,1,0,0,0,0,0,0,0,1,0,0,0,0,0,0,0,0,0,0
2021,"Belarus",5204,512,4672,20,165,2,42,2,9441842,0,0,0,0,1,0,0,0,0,0,0,0,0,1,0,0,0,0,0,0,0,0,0
2021,"Slovenia",996,213,719,64,44,3,7,0,2102106,0,0,0,0,0,0,0,0,0,0,0,0,0,0,0,0,0,0,0,0,0,0,0
2021,"Belgium",1662,791,744,127,127,9,14,0,11778842,0,0,0,0,0,0,0,0,0,0,0,0,0,0,0,0,0,0,0,0,0,0,0
2021,"South Africa",922,449,311,162,54,15,9,1,56978635,0,0,0,0,0,0,0,0,0,0,0,0,0,0,0,0,0,0,0,0,0,0,0
2021,"Bosnia & Herzegovina",187,39,112,36,6,0,1,3,3824782,0,0,0,0,0,0,0,0,0,0,0,0,0,0,0,0,0,0,0,0,0,0,0
2021,"Spain",883,129,516,238,47,2,11,0,47260584,0,0,0,0,0,0,0,0,0,0,0,0,0,0,0,0,0,0,0,0,0,0,0
2021,"Brazil",32,16,2,14,0,0,1,0,213445417,0,0,0,0,0,0,0,0,0,0,0,0,0,0,0,0,0,0,0,0,0,0,0
2021,"Sweden",61547,11163,43759,6625,5439,267,365,34,10261767,0,0,0,0,1,0,0,0,0,0,0,0,1,1,0,0,0,0,0,0,0,0,0
2021,"Bulgaria",954,178,709,67,23,3,6,4,6919180,0,0,0,0,0,0,0,0,0,0,0,0,0,0,0,0,0,0,0,0,0,0,0
2021,"Switzerland",32206,11304,18640,2262,1244,69,49,111,8453550,0,0,0,0,1,0,0,0,0,0,0,0,1,1,1,0,0,0,0,0,0,0,0
2021,"Canada",345481,7937,270150,67394,10651,996,2860,5000,37943231,0,0,0,0,1,0,0,0,0,0,0,0,1,1,1,0,0,0,0,0,0,0,0
2021,"Thailand",624,97,435,92,16,1,6,0,69480520,0,0,0,0,0,0,0,0,0,0,0,0,0,0,0,0,0,0,0,0,0,0,0
2021,"Chile",250,120,80,50,0,0,7,1,18307925,0,0,0,0,0,0,0,0,0,0,0,0,0,0,0,0,0,0,0,0,0,0,0
2021,"Turkey",1500,390,675,435,93,58,14,0,82482383,0,0,0,0,0,0,0,0,0,0,0,0,0,0,0,0,0,0,0,0,0,0,0
2021,"China",13388,1261,10365,1761,456,203,887,300,1397897720,0,0,0,0,0,0,0,0,0,0,0,0,0,0,0,0,0,0,0,0,0,0,0
2021,"Turkmenistan",347,165,182,0,6,0,5,0,5579889,0,0,0,0,0,0,0,0,0,0,0,0,0,0,0,0,0,0,0,0,0,0,0
2021,"Chinese Taipei",868,168,552,148,52,14,3,0,23572052,0,0,0,0,0,0,0,0,0,0,0,0,0,0,0,0,0,0,0,0,0,0,0
2021,"Ukraine",5341,1641,3521,179,68,1,26,3,43745640,0,0,0,0,0,0,0,0,0,0,0,0,0,0,0,0,0,0,0,0,0,0,0
2021,"Colombia",110,47,38,25,8,2,0,0,50355650,0,0,0,0,0,0,0,0,0,0,0,0,0,0,0,0,0,0,0,0,0,0,0
2021,"United Arab Emirates",683,193,356,134,5,2,5,0,9856612,0,0,0,0,0,0,0,0,0,0,0,0,0,0,0,0,0,0,0,0,0,0,0
2021,"Croatia",574,149,351,74,14,0,3,2,4208973,0,0,0,0,0,0,0,0,0,0,0,0,0,0,0,0,0,0,0,0,0,0,0
2021,"United States",453826,96489,286939,70398,18857,1344,1541,500,334998398,0,0,0,0,1,0,0,0,0,0,0,0,1,1,1,0,0,0,0,0,0,0,0
2021,"Czech Republic",131006,97359,29540,4107,2807,246,196,13,10702596,0,0,0,0,1,0,0,0,0,0,0,0,1,1,1,0,0,0,0,0,0,0,0
2021,"Uzbekistan",421,4,386,31,12,2,3,0,30842796,0,0,0,0,0,0,0,0,0,0,0,0,0,0,0,0,0,0,0,0,0,0,0
2021,"Denmark",5147,2527,1918,702,122,5,27,0,5894687,0,0,0,0,1,0,0,0,0,0,0,0,0,0,1,0,0,0,0,0,0,0,0
2021,"DPR Korea",2310,210,1150,950,40,2,3,13,25831360,0,0,0,0,0,0,0,0,0,0,0,0,0,0,0,0,0,0,0,0,0,0,0
2021,"Estonia",964,143,711,110,24,1,10,10,1220042,0,0,0,0,0,0,0,0,0,0,0,0,0,0,0,0,0,0,0,0,0,0,0
2021,"Finland",65469,24693,35176,5600,1572,48,284,69,5587442,0,0,0,0,1,0,0,0,0,0,0,0,1,1,1,0,0,0,0,0,0,0,0
2021,"France",18686,7620,9524,1542,104,6,107,10,68084217,0,0,0,0,0,0,0,0,0,0,0,0,0,0,0,0,0,0,0,0,0,0,0
2021,"Georgia",624,142,425,57,12,0,5,1,4933674,0,0,0,0,0,0,0,0,0,0,0,0,0,0,0,0,0,0,0,0,0,0,0
2021,"Germany",21336,5432,13653,2251,639,48,218,45,79903481,0,0,0,0,1,0,0,0,0,0,0,0,1,1,1,0,0,0,0,0,0,0,0
2021,"Great Britain",11148,6353,3931,864,307,27,68,0,67081000,0,0,0,0,1,0,0,0,0,0,0,0,0,0,0,0,0,0,0,0,0,0,0
2021,"Greece",269,110,149,10,0,0,2,0,10569703,0,0,0,0,0,0,0,0,0,0,0,0,0,0,0,0,0,0,0,0,0,0,0
2021,"Hong Kong",601,98,414,89,50,8,6,0,7263234,0,0,0,0,0,0,0,0,0,0,0,0,0,0,0,0,0,0,0,0,0,0,0
2021,"Hungary",8271,5448,1453,1370,208,14,55,5,9728337,0,0,0,0,0,0,0,0,0,0,0,0,0,0,1,0,0,0,0,0,0,0,0
2021,"Iceland",752,165,412,175,18,7,3,0,354234,0,0,0,0,0,0,0,0,0,0,0,0,0,0,0,0,0,0,0,0,0,0,0
2021,"India",1502,723,415,364,11,3,2,16,1339330514,0,0,0,0,0,0,0,0,0,0,0,0,0,0,0,0,0,0,0,0,0,0,0
2021,"Indonesia",97,30,55,12,3,1,6,0,275122131,0,0,0,0,0,0,0,0,0,0,0,0,0,0,0,0,0,0,0,0,0,0,0
2021,"Iran",233,100,30,103,25,25,6,0,85888910,0,0,0,0,0,0,0,0,0,0,0,0,0,0,0,0,0,0,0,0,0,0,0
2021,"Ireland",360,172,150,38,5,1,0,0,5224884,0,0,0,0,0,0,0,0,0,0,0,0,0,0,0,0,0,0,0,0,0,0,0
2021,"Israel",391,141,214,36,61,4,2,0,8787045,0,0,0,0,0,0,0,0,0,0,0,0,0,0,0,0,0,0,0,0,0,0,0
2021,"Italy",4977,1216,3329,432,109,8,38,15,62390364,0,0,0,0,1,0,0,0,0,0,0,0,0,0,0,0,0,0,0,0,0,0,0
2021,"Jamaica",20,0,20,0,0,0,0,0,2816602,0,0,0,0,0,0,0,0,0,0,0,0,0,0,0,0,0,0,0,0,0,0,0
2021,"Japan",16047,6526,8344,1177,869,61,60,1,124687293,0,0,0,0,0,0,0,0,0,0,0,0,0,0,1,0,0,0,0,0,0,0,0
2021,"Kazakhstan",7614,769,6670,175,60,5,39,127,19245793,0,0,0,0,1,0,0,0,0,0,0,0,0,0,0,0,0,0,0,0,0,0,0
2021,"Korea",3140,190,2600,350,31,4,35,0,51715162,0,0,0,0,0,0,0,0,0,0,0,0,0,0,0,0,0,0,0,0,0,0,0
2021,"Kuwait",402,115,124,163,12,8,1,0,3032065,0,0,0,0,0,0,0,0,0,0,0,0,0,0,0,0,0,0,0,0,0,0,0
2021,"Kyrgyzstan",2702,1620,1020,62,6,0,4,18,6018789,0,0,0,0,0,0,0,0,0,0,0,0,0,0,0,0,0,0,0,0,0,0,0
2021,"Latvia",7532,5193,2082,257,100,6,24,3,1862687,0,0,0,0,1,0,0,0,0,0,0,0,0,1,0,0,0,0,0,0,0,0,0
2021,"Lebanon",208,90,54,64,0,0,0,0,5261372,0,0,0,0,0,0,0,0,0,0,0,0,0,0,0,0,0,0,0,0,0,0,0
2021,"Liechtenstein",61,56,5,0,0,0,0,0,39425,0,0,0,0,0,0,0,0,0,0,0,0,0,0,0,0,0,0,0,0,0,0,0
2021,"Lithuania",1400,150,1100,150,29,1,9,3,2711566,0,0,0,0,0,0,0,0,0,0,0,0,0,0,0,0,0,0,0,0,0,0,0
2021,"Luxembourg",492,175,285,32,20,0,3,0,639589,0,0,0,0,0,0,0,0,0,0,0,0,0,0,0,0,0,0,0,0,0,0,0
2021,"Macau,China",119,34,69,16,8,0,1,0,630396,0,0,0,0,0,0,0,0,0,0,0,0,0,0,0,0,0,0,0,0,0,0,0
2021,"Malaysia",260,100,80,80,12,2,2,0,33519406,0,0,0,0,0,0,0,0,0,0,0,0,0,0,0,0,0,0,0,0,0,0,0
2021,"Mexico",2955,915,1720,320,12,3,16,0,130207371,0,0,0,0,0,0,0,0,0,0,0,0,0,0,0,0,0,0,0,0,0,0,0
2021,"Mongolia",730,280,446,4,8,0,2,19,3198913,0,0,0,0,0,0,0,0,0,0,0,0,0,0,0,0,0,0,0,0,0,0,0
2021,"Morocco",225,129,74,22,3,0,2,0,36561813,0,0,0,0,0,0,0,0,0,0,0,0,0,0,0,0,0,0,0,0,0,0,0
2021,"Nepal",32,0,18,14,2,1,1,0,30424878,0,0,0,0,0,0,0,0,0,0,0,0,0,0,0,0,0,0,0,0,0,0,0
2021,"Netherlands",3078,1559,1236,283,58,6,19,0,17337403,0,0,0,0,0,0,0,0,0,0,0,0,0,0,0,0,0,0,0,0,0,0,0
2021,"New Zealand",1727,729,648,350,86,15,6,4,4991442,0,0,0,0,0,0,0,0,0,0,0,0,0,0,0,0,0,0,0,0,0,0,0
2021,"North Macedonia",81,37,33,11,4,0,0,1,2128262,0,0,0,0,0,0,0,0,0,0,0,0,0,0,0,0,0,0,0,0,0,0,0
2021,"Norway",8618,1047,6210,1361,343,15,50,5,5509591,0,0,0,0,1,0,0,0,0,0,0,0,0,0,0,0,0,0,0,0,0,0,0
2021,"Oman",73,38,35,0,2,0,2,0,3694755,0,0,0,0,0,0,0,0,0,0,0,0,0,0,0,0,0,0,0,0,0,0,0
2021,"Philippines",203,98,58,47,14,2,4,0,110818325,0,0,0,0,0,0,0,0,0,0,0,0,0,0,0,0,0,0,0,0,0,0,0
2021,"Poland",3695,950,2400,345,200,11,26,10,38185913,0,0,0,0,0,0,0,0,0,0,0,0,0,0,0,0,0,0,0,0,0,0,0
2021,"Portugal",94,57,20,17,0,0,0,0,10263850,0,0,0,0,0,0,0,0,0,0,0,0,0,0,0,0,0,0,0,0,0,0,0
